Date,Day,In,Out,Extra,Daily profit ,Daily profit + extra,Total profit,Total profit + extra
11/04/2021,0,0,0,0,0,0,0,0
12/04/2021,1,45,0,,45,45,45,45
13/04/2021,2,9.75,0,,9.75,9.75,54.75,54.75
14/04/2021,3,34.21,60,,-25.79,-25.79,28.96,28.96
15/04/2021,4,25,0,,25,25,53.96,53.96
16/04/2021,5,0,0,,0,0,53.96,53.96
17/04/2021,6,0,0,,0,0,53.96,53.96
18/04/2021,7,0,20,,-20,-20,33.96,33.96
19/04/2021,8,0,0,,0,0,33.96,33.96
20/04/2021,9,0,0,,0,0,33.96,33.96
21/04/2021,10,0,0,,0,0,33.96,33.96
22/04/2021,11,0,0,,0,0,33.96,33.96
23/04/2021,12,26.24,0,,26.24,26.24,60.2,60.2
24/04/2021,13,0,0,,0,0,60.2,60.2
25/04/2021,14,0,10,,-10,-10,50.2,50.2
26/04/2021,15,0,0,,0,0,50.2,50.2
27/04/2021,16,10,0,,10,10,60.2,60.2
28/04/2021,17,14.31,0,,14.31,14.31,74.51,74.51
29/04/2021,18,30,0,,30,30,104.51,104.51
30/04/2021,19,0,50,,-50,-50,54.51,54.51
01/05/2021,20,0,0,,0,0,54.51,54.51
02/05/2021,21,0,0,,0,0,54.51,54.51
03/05/2021,22,30,0,,30,30,84.51,84.51
04/05/2021,23,0,0,,0,0,84.51,84.51
05/05/2021,24,0,0,,0,0,84.51,84.51
06/05/2021,25,10,0,,10,10,94.51,94.51
07/05/2021,26,0,6.8,,-6.8,-6.8,87.71,87.71
08/05/2021,27,10,0,,10,10,97.71,97.71
09/05/2021,28,0,0,,0,0,97.71,97.71
10/05/2021,29,15,0,,15,15,112.71,112.71
11/05/2021,30,0,10.89,,-10.89,-10.89,101.82,101.82
12/05/2021,31,0,0,,0,0,101.82,101.82
13/05/2021,32,0,0,,0,0,101.82,101.82
14/05/2021,33,5,0,,5,5,106.82,106.82
15/05/2021,34,0,20,20,-20,0,86.82,106.82
16/05/2021,35,0,0,,0,0,86.82,106.82
17/05/2021,36,0,0,,0,0,86.82,106.82
18/05/2021,37,0,0,,0,0,86.82,106.82
19/05/2021,38,20,0,,20,20,106.82,126.82
20/05/2021,39,0,0,,0,0,106.82,126.82
21/05/2021,40,0,0,,0,0,106.82,126.82
22/05/2021,41,5,0,5.3,5,10.3,111.82,137.12
23/05/2021,42,15,0,,15,15,126.82,152.12
24/05/2021,43,10,0,,10,10,136.82,162.12
25/05/2021,44,0,0,,0,0,136.82,162.12
26/05/2021,45,0,0,,0,0,136.82,162.12
27/05/2021,46,0,0,5.00,0,5,136.82,167.12
28/05/2021,47,9.31,50,,-40.69,-40.69,96.13,126.43
29/05/2021,48,15,0,,15,15,111.13,141.43
30/05/2021,49,15,0,,15,15,126.13,156.43
31/05/2021,50,0,0,,0,0,126.13,156.43
01/06/2021,51,0,0,20.00,0,20,126.13,176.43
02/06/2021,52,0,0,,0,0,126.13,176.43
03/06/2021,53,0,0,,0,0,126.13,176.43
04/06/2021,54,10,0,,10,10,136.13,186.43
05/06/2021,55,0,0,,0,0,136.13,186.43
06/06/2021,56,0,0,,0,0,136.13,186.43
07/06/2021,57,0,50,,-50,-50,86.13,136.43
08/06/2021,58,0,0,,0,0,86.13,136.43
09/06/2021,59,0,0,,0,0,86.13,136.43
10/06/2021,60,0,0,,0,0,86.13,136.43
11/06/2021,61,50,0,20,50,70,136.13,206.43
12/06/2021,62,0,13,15,-13,2,123.13,208.43
13/06/2021,63,0,0,,0,0,123.13,208.43
14/06/2021,64,25,0,2.19,25,27.19,148.13,235.62
15/06/2021,65,40,0,,40,40,188.13,275.62
16/06/2021,66,40,5,,35,35,223.13,310.62
17/06/2021,67,0,6.5,,-6.5,-6.5,216.63,304.12
18/06/2021,68,0,40,,-40,-40,176.63,264.12
19/06/2021,69,0,0,,0,0,176.63,264.12
20/06/2021,70,0,0,,0,0,176.63,264.12
21/06/2021,71,40,0,,40,40,216.63,304.12
22/06/2021,72,20,0,3.01,20,23.01,236.63,327.13
23/06/2021,73,45,0,,45,45,281.63,372.13
24/06/2021,74,20,0,,20,20,301.63,392.13
25/06/2021,75,0,0,,0,0,301.63,392.13
26/06/2021,76,0,0,21,0,21,301.63,413.13
27/06/2021,77,0,30.6,,-30.6,-30.6,271.03,382.53
28/06/2021,78,0,0,,0,0,271.03,382.53
29/06/2021,79,20,0,,20,20,291.03,402.53
30/06/2021,80,20,0,,20,20,311.03,422.53
01/07/2021,81,0,40,,-40,-40,271.03,382.53
02/07/2021,82,0,100,27,-100,-73,171.03,309.53
03/07/2021,83,0,6.5,17,-6.5,10.5,164.53,320.03
04/07/2021,84,0,21.85,,-21.85,-21.85,142.68,298.18
05/07/2021,85,0,0,,0,0,142.68,298.18
06/07/2021,86,0,0,,0,0,142.68,298.18
07/07/2021,87,0,0,,0,0,142.68,298.18
08/07/2021,88,0,0,,0,0,142.68,298.18
09/07/2021,89,0,0,,0,0,142.68,298.18
10/07/2021,90,0,0,,0,0,142.68,298.18
11/07/2021,91,0,0,,0,0,142.68,298.18
12/07/2021,92,0,0,,0,0,142.68,298.18
13/07/2021,93,0,0,,0,0,142.68,298.18
14/07/2021,94,0,0,,0,0,142.68,298.18
15/07/2021,95,0,0,,0,0,142.68,298.18
16/07/2021,96,0,0,,0,0,142.68,298.18
17/07/2021,97,0,0,,0,0,142.68,298.18
18/07/2021,98,0,0,,0,0,142.68,298.18
19/07/2021,99,0,0,,0,0,142.68,298.18
20/07/2021,100,0,0,,0,0,142.68,298.18
21/07/2021,101,0,0,,0,0,142.68,298.18
22/07/2021,102,0,0,,0,0,142.68,298.18
23/07/2021,103,0,0,,0,0,142.68,298.18
24/07/2021,104,0,0,115.39,0,115.39,142.68,413.57
25/07/2021,105,0,0,,0,0,142.68,413.57
26/07/2021,106,10,0,,10,10,152.68,423.57
27/07/2021,107,20,0,,20,20,172.68,443.57
28/07/2021,108,0,0,,0,0,172.68,443.57
29/07/2021,109,0,0,,0,0,172.68,443.57
30/07/2021,110,0,0,15,0,15,172.68,458.57
31/07/2021,111,0,32,,-32,-32,140.68,426.57
01/08/2021,112,0,0,,0,0,140.68,426.57
02/08/2021,113,0,0,,0,0,140.68,426.57
03/08/2021,114,0,0,,0,0,140.68,426.57
04/08/2021,115,0,0,,0,0,140.68,426.57
05/08/2021,116,0,0,,0,0,140.68,426.57
06/08/2021,117,0,0,,0,0,140.68,426.57
07/08/2021,118,0,0,,0,0,140.68,426.57
08/08/2021,119,0,0,,0,0,140.68,426.57
09/08/2021,120,0,0,,0,0,140.68,426.57
10/08/2021,121,0,0,,0,0,140.68,426.57
11/08/2021,122,0,0,,0,0,140.68,426.57
12/08/2021,123,0,0,,0,0,140.68,426.57
13/08/2021,124,0,0,,0,0,140.68,426.57
14/08/2021,125,0,0,,0,0,140.68,426.57
15/08/2021,126,0,0,,0,0,140.68,426.57
16/08/2021,127,0,0,,0,0,140.68,426.57
17/08/2021,128,0,0,,0,0,140.68,426.57
18/08/2021,129,0,0,,0,0,140.68,426.57
19/08/2021,130,0,0,,0,0,140.68,426.57
20/08/2021,131,0,0,,0,0,140.68,426.57
21/08/2021,132,0,0,,0,0,140.68,426.57
22/08/2021,133,0,0,,0,0,140.68,426.57
23/08/2021,134,0,0,,0,0,140.68,426.57
24/08/2021,135,0,0,,0,0,140.68,426.57
25/08/2021,136,0,0,,0,0,140.68,426.57
26/08/2021,137,0,0,,0,0,140.68,426.57
27/08/2021,138,0,0,,0,0,140.68,426.57
28/08/2021,139,0,131.32,,-131.32,-131.32,9.36,295.25
29/08/2021,140,0,0,,0,0,9.36,295.25
30/08/2021,141,0,0,,0,0,9.36,295.25
31/08/2021,142,0,0,,0,0,9.36,295.25
01/09/2021,143,0,77,,-77,-77,-67.64,218.25
02/09/2021,144,20,55,,-35,-35,-102.64,183.25
03/09/2021,145,0,0,100,0,100,-102.64,283.25
04/09/2021,146,0,0,,0,0,-102.64,283.25
05/09/2021,147,0,40,,-40,-40,-142.64,243.25
06/09/2021,148,0,0,,0,0,-142.64,243.25
07/09/2021,149,0,0,,0,0,-142.64,243.25
08/09/2021,150,40,0,5.18,40,45.18,-102.64,288.43
09/09/2021,151,0,0,,0,0,-102.64,288.43
10/09/2021,152,40,0,,40,40,-62.64,328.43
11/09/2021,153,0,5,20,-5,15,-67.64,343.43
12/09/2021,154,0,0,,0,0,-67.64,343.43
13/09/2021,155,0,0,,0,0,-67.64,343.43
14/09/2021,156,30,0,,30,30,-37.64,373.43
15/09/2021,157,0,40,,-40,-40,-77.64,333.43
16/09/2021,158,0,0,,0,0,-77.64,333.43
17/09/2021,159,0,7.8,,-7.8,-7.8,-85.44,325.63
18/09/2021,160,0,0,10,0,10,-85.44,335.63
19/09/2021,161,0,25,,-25,-25,-110.44,310.63
20/09/2021,162,40,0,,40,40,-70.44,350.63
21/09/2021,163,0,0,,0,0,-70.44,350.63
22/09/2021,164,0,0,,0,0,-70.44,350.63
23/09/2021,165,20,0,,20,20,-50.44,370.63
24/09/2021,166,0,40,,-40,-40,-90.44,330.63
25/09/2021,167,0,17,,-17,-17,-107.44,313.63
26/09/2021,168,0,0,,0,0,-107.44,313.63
27/09/2021,169,0,0,,0,0,-107.44,313.63
28/09/2021,170,0,0,10,0,10,-107.44,323.63
29/09/2021,171,0,0,,0,0,-107.44,323.63
30/09/2021,172,0,27.4,,-27.4,-27.4,-134.84,296.23
01/10/2021,173,0,0,20,0,20,-134.84,316.23
02/10/2021,174,0,0,,0,0,-134.84,316.23
03/10/2021,175,19.5,0,15,19.5,34.5,-115.34,350.73
04/10/2021,176,0,40,,-40,-40,-155.34,310.73
05/10/2021,177,0,0,,0,0,-155.34,310.73
06/10/2021,178,0,0,,0,0,-155.34,310.73
07/10/2021,179,0,0,,0,0,-155.34,310.73
08/10/2021,180,0,0,,0,0,-155.34,310.73
09/10/2021,181,0,25.7,,-25.7,-25.7,-181.04,285.03
10/10/2021,182,0,0,,0,0,-181.04,285.03
11/10/2021,183,0,0,,0,0,-181.04,285.03
12/10/2021,184,0,0,,0,0,-181.04,285.03
13/10/2021,185,0,0,,0,0,-181.04,285.03
14/10/2021,186,25,40,,-15,-15,-196.04,270.03
15/10/2021,187,0,0,,0,0,-196.04,270.03
16/10/2021,188,0,0,,0,0,-196.04,270.03
17/10/2021,189,0,0,,0,0,-196.04,270.03
18/10/2021,190,0,0,,0,0,-196.04,270.03
19/10/2021,191,0,0,,0,0,-196.04,270.03
20/10/2021,192,0,0,,0,0,-196.04,270.03
21/10/2021,193,0,0,,0,0,-196.04,270.03
22/10/2021,194,0,0,,0,0,-196.04,270.03
23/10/2021,195,0,0,,0,0,-196.04,270.03
24/10/2021,196,0,0,,0,0,-196.04,270.03
25/10/2021,197,15,0,28.62,15,43.62,-181.04,313.65
26/10/2021,198,0,2.5,,-2.5,-2.5,-183.54,311.15
27/10/2021,199,0,0,,0,0,-183.54,311.15
28/10/2021,200,0,40,,-40,-40,-223.54,271.15
29/10/2021,201,0,0,,0,0,-223.54,271.15
30/10/2021,202,0,0,,0,0,-223.54,271.15
31/10/2021,203,0,0,78.26,0,78.26,-223.54,349.41
01/11/2021,204,0,0,,0,0,-223.54,349.41
02/11/2021,205,0,35,,-35,-35,-258.54,314.41
03/11/2021,206,0,9.34,,-9.34,-9.34,-267.88,305.07
04/11/2021,207,0,0,14.42,0,14.42,-267.88,319.49
05/11/2021,208,0,0,,0,0,-267.88,319.49
06/11/2021,209,0,0,,0,0,-267.88,319.49
07/11/2021,210,0,0,,0,0,-267.88,319.49
08/11/2021,211,0,0,,0,0,-267.88,319.49
09/11/2021,212,0,0,20,0,20,-267.88,339.49
10/11/2021,213,0,0,,0,0,-267.88,339.49
11/11/2021,214,0,40,,-40,-40,-307.88,299.49
12/11/2021,215,70,0,11.4,70,81.4,-237.88,380.89
13/11/2021,216,0,0,,0,0,-237.88,380.89
14/11/2021,217,20,0,,20,20,-217.88,400.89
15/11/2021,218,0,0,,0,0,-217.88,400.89
16/11/2021,219,20,0,,20,20,-197.88,420.89
17/11/2021,220,45,0,,45,45,-152.88,465.89
18/11/2021,221,0,0,,0,0,-152.88,465.89
19/11/2021,222,0,61.36,,-61.36,-61.36,-214.24,404.53
20/11/2021,223,10,0,,10,10,-204.24,414.53
21/11/2021,224,0,0,20,0,20,-204.24,434.53
22/11/2021,225,25,40,,-15,-15,-219.24,419.53
23/11/2021,226,0,20,,-20,-20,-239.24,399.53
24/11/2021,227,0,0,,0,0,-239.24,399.53
25/11/2021,228,10,0,,10,10,-229.24,409.53
26/11/2021,229,0,0,,0,0,-229.24,409.53
27/11/2021,230,35,3.24,,31.76,31.76,-197.48,441.29
28/11/2021,231,0,13,,-13,-13,-210.48,428.29
29/11/2021,232,28.9,0,,28.9,28.9,-181.58,457.19
30/11/2021,233,15,1,,14,14,-167.58,471.19
01/12/2021,234,35,0,,35,35,-132.58,506.19
02/12/2021,235,0,0,,0,0,-132.58,506.19
03/12/2021,236,10,6.5,,3.5,3.5,-129.08,509.69
04/12/2021,237,30,0,,30,30,-99.08,539.69
05/12/2021,238,15,10.8,,4.2,4.2,-94.88,543.89
06/12/2021,239,0,40.14,,-40.14,-40.14,-135.02,503.75
07/12/2021,240,30,0,,30,30,-105.02,533.75
08/12/2021,241,10,0,,10,10,-95.02,543.75
09/12/2021,242,47.5,0,,47.5,47.5,-47.52,591.25
10/12/2021,243,37.5,0,20,37.5,57.5,-10.02,648.75
11/12/2021,244,0,0,,0,0,-10.02,648.75
12/12/2021,245,0,0,,0,0,-10.02,648.75
13/12/2021,246,10,0,,10,10,-0.02,658.75
14/12/2021,247,0,0,,0,0,-0.02,658.75
15/12/2021,248,10,40.25,50,-30.25,19.75,-30.27,678.5
16/12/2021,249,15,2.5,,12.5,12.5,-17.77,691
17/12/2021,250,190,0,,190,190,172.23,881
18/12/2021,251,10,0,,10,10,182.23,891
19/12/2021,252,0,0,,0,0,182.23,891
20/12/2021,253,65,0,,65,65,247.23,956
21/12/2021,254,0,5.46,,-5.46,-5.46,241.77,950.54
22/12/2021,255,40,0,,40,40,281.77,990.54
23/12/2021,256,0,0,,0,0,281.77,990.54
24/12/2021,257,15,40,,-25,-25,256.77,965.54
25/12/2021,258,0,0,,0,0,256.77,965.54
26/12/2021,259,0,0,50,0,50,256.77,1015.54
27/12/2021,260,0,0,,0,0,256.77,1015.54
28/12/2021,261,0,0,,0,0,256.77,1015.54
29/12/2021,262,0,0,,0,0,256.77,1015.54
30/12/2021,263,10,0,,10,10,266.77,1025.54
31/12/2021,264,25,0,,25,25,291.77,1050.54
01/01/2022,265,0,10,,-10,-10,281.77,1040.54
02/01/2022,266,0,12,,-12,-12,269.77,1028.54
03/01/2022,267,0,0,,0,0,269.77,1028.54
04/01/2022,268,20,5.4,,14.6,14.6,284.37,1043.14
05/01/2022,269,10,0,,10,10,294.37,1053.14
06/01/2022,270,0,0,,0,0,294.37,1053.14
07/01/2022,271,0,0,,0,0,294.37,1053.14
08/01/2022,272,10,6.5,20,3.5,23.5,297.87,1076.64
09/01/2022,273,0,47,,-47,-47,250.87,1029.64
10/01/2022,274,0,0,,0,0,250.87,1029.64
11/01/2022,275,0,10,,-10,-10,240.87,1019.64
12/01/2022,276,0,0,,0,0,240.87,1019.64
13/01/2022,277,0,0,,0,0,240.87,1019.64
14/01/2022,278,0,624.2,,-624.2,-624.2,-383.33,395.44
15/01/2022,279,20,0,100,20,120,-363.33,515.44
16/01/2022,280,15,0.26,,14.74,14.74,-348.59,530.18
17/01/2022,281,0,0,,0,0,-348.59,530.18
18/01/2022,282,10,0,12.2,10,22.2,-338.59,552.38
19/01/2022,283,0,33.34,,-33.34,-33.34,-371.93,519.04
20/01/2022,284,0,6.8,,-6.8,-6.8,-378.73,512.24
21/01/2022,285,0,0,,0,0,-378.73,512.24
22/01/2022,286,20,0,,20,20,-358.73,532.24
23/01/2022,287,0,0,,0,0,-358.73,532.24
24/01/2022,288,15,0,,15,15,-343.73,547.24
25/01/2022,289,100,0,,100,100,-243.73,647.24
26/01/2022,290,35,40,,-5,-5,-248.73,642.24
27/01/2022,291,50,1.71,,48.29,48.29,-200.44,690.53
28/01/2022,292,45,3.56,,41.44,41.44,-159,731.97
29/01/2022,293,45,6.5,20,38.5,58.5,-120.5,790.47
30/01/2022,294,0,15,,-15,-15,-135.5,775.47
31/01/2022,295,0,0,,0,0,-135.5,775.47
01/02/2022,296,40,169.99,,-129.99,-129.99,-265.49,645.48
02/02/2022,297,0,0,,0,0,-265.49,645.48
03/02/2022,298,45,50,0.5,-5,-4.5,-270.49,640.98
04/02/2022,299,20,0,,20,20,-250.49,660.98
05/02/2022,300,30,7.99,,22.01,22.01,-228.48,682.99
06/02/2022,301,10,6.3,,3.7,3.7,-224.78,686.69
07/02/2022,302,45,0,,45,45,-179.78,731.69
08/02/2022,303,40,0,,40,40,-139.78,771.69
09/02/2022,304,70,0,,70,70,-69.78,841.69
10/02/2022,305,10,0,,10,10,-59.78,851.69
11/02/2022,306,35,50,,-15,-15,-74.78,836.69
12/02/2022,307,10,21.95,,-11.95,-11.95,-86.73,824.74
13/02/2022,308,10,80,20,-70,-50,-156.73,774.74
14/02/2022,309,55,0,,55,55,-101.73,829.74
15/02/2022,310,10,0,,10,10,-91.73,839.74
16/02/2022,311,115,0,,115,115,23.27,954.74
17/02/2022,312,25,10,,15,15,38.27,969.74
18/02/2022,313,25,0,,25,25,63.27,994.74
19/02/2022,314,15,0,,15,15,78.27,1009.74
20/02/2022,315,45,0,,45,45,123.27,1054.74
21/02/2022,316,5,40,,-35,-35,88.27,1019.74
22/02/2022,317,25,0,,25,25,113.27,1044.74
23/02/2022,318,70,6.74,,63.26,63.26,176.53,1108
24/02/2022,319,55,7.9,,47.1,47.1,223.63,1155.1
25/02/2022,320,25,10.99,12.75,14.01,26.76,237.64,1181.86
26/02/2022,321,15,0,,15,15,252.64,1196.86
27/02/2022,322,15,0,,15,15,267.64,1211.86
28/02/2022,323,0,0,,0,0,267.64,1211.86
01/03/2022,324,265,0,,265,265,532.64,1476.86
02/03/2022,325,0,40,,-40,-40,492.64,1436.86
03/03/2022,326,15,0,,15,15,507.64,1451.86
04/03/2022,327,0,24.28,10.66,-24.28,-13.62,483.36,1438.24
05/03/2022,328,15,0,,15,15,498.36,1453.24
06/03/2022,329,25,0,,25,25,523.36,1478.24
07/03/2022,330,45,0,,45,45,568.36,1523.24
08/03/2022,331,49.96,0,,49.96,49.96,618.32,1573.2
09/03/2022,332,10,0,,10,10,628.32,1583.2
10/03/2022,333,35,40,,-5,-5,623.32,1578.2
11/03/2022,334,5,6.5,,-1.5,-1.5,621.82,1576.7
12/03/2022,335,20,0,,20,20,641.82,1596.7
13/03/2022,336,20,0,,20,20,661.82,1616.7
14/03/2022,337,40,0,,40,40,701.82,1656.7
15/03/2022,338,0,0,,0,0,701.82,1656.7
16/03/2022,339,0,0,,0,0,701.82,1656.7
17/03/2022,340,15,40,,-25,-25,676.82,1631.7
18/03/2022,341,0,1,,-1,-1,675.82,1630.7
19/03/2022,342,10,11.5,,-1.5,-1.5,674.32,1629.2
20/03/2022,343,15,0,,15,15,689.32,1644.2
21/03/2022,344,0,0,,0,0,689.32,1644.2
22/03/2022,345,0,0,,0,0,689.32,1644.2
23/03/2022,346,0,0,,0,0,689.32,1644.2
24/03/2022,347,25,0,,25,25,714.32,1669.2
25/03/2022,348,40,0,,40,40,754.32,1709.2
26/03/2022,349,15,0,,15,15,769.32,1724.2
27/03/2022,350,20,0,,20,20,789.32,1744.2
28/03/2022,351,0,41,,-41,-41,748.32,1703.2
29/03/2022,352,50,0,,50,50,798.32,1753.2
30/03/2022,353,25,0,,25,25,823.32,1778.2
31/03/2022,354,40,0,,40,40,863.32,1818.2
01/04/2022,355,0,0,,0,0,863.32,1818.2
02/04/2022,356,15,0,,15,15,878.32,1833.2
03/04/2022,357,15,0,,15,15,893.32,1848.2
04/04/2022,358,20,16.29,,3.71,3.71,897.03,1851.91
05/04/2022,359,10,0,,10,10,907.03,1861.91
06/04/2022,360,18.97,40,,-21.03,-21.03,886,1840.88
07/04/2022,361,15,0,,15,15,901,1855.88
08/04/2022,362,25,0,,25,25,926,1880.88
09/04/2022,363,15,16,,-1,-1,925,1879.88
10/04/2022,364,45,0,,45,45,970,1924.88
11/04/2022,365,15,0,,15,15,985,1939.88
12/04/2022,366,40,0,,40,40,1025,1979.88
13/04/2022,367,20,0,,20,20,1045,1999.88
14/04/2022,368,10,0,,10,10,1055,2009.88
15/04/2022,369,25,37.93,,-12.93,-12.93,1042.07,1996.95
16/04/2022,370,20,0,,20,20,1062.07,2016.95
17/04/2022,371,15,0,1.1,15,16.1,1077.07,2033.05
18/04/2022,372,0,0,,0,0,1077.07,2033.05
19/04/2022,373,30,0,,30,30,1107.07,2063.05
20/04/2022,374,0,46.5,,-46.5,-46.5,1060.57,2016.55
21/04/2022,375,25,0,,25,25,1085.57,2041.55
22/04/2022,376,10,0,,10,10,1095.57,2051.55
23/04/2022,377,15,0,,15,15,1110.57,2066.55
24/04/2022,378,10,0,,10,10,1120.57,2076.55
25/04/2022,379,49.5,0,,49.5,49.5,1170.07,2126.05
26/04/2022,380,40,0,,40,40,1210.07,2166.05
27/04/2022,381,10,0,,10,10,1220.07,2176.05
28/04/2022,382,20,0,,20,20,1240.07,2196.05
29/04/2022,383,30,40,,-10,-10,1230.07,2186.05
30/04/2022,384,40,0,,40,40,1270.07,2226.05
01/05/2022,385,15,0,,15,15,1285.07,2241.05
02/05/2022,386,79.5,1.49,,78.01,78.01,1363.08,2319.06
03/05/2022,387,50,10,,40,40,1403.08,2359.06
04/05/2022,388,30,709.99,,-679.99,-679.99,723.09,1679.07
05/05/2022,389,25,0,,25,25,748.09,1704.07
06/05/2022,390,5,42.6,,-37.6,-37.6,710.49,1666.47
07/05/2022,391,15,35.54,,-20.54,-20.54,689.95,1645.93
08/05/2022,392,15,0,20,15,35,704.95,1680.93
09/05/2022,393,50,0,,50,50,754.95,1730.93
10/05/2022,394,9.5,6.5,,3,3,757.95,1733.93
11/05/2022,395,30,0,,30,30,787.95,1763.93
12/05/2022,396,25,0,,25,25,812.95,1788.93
13/05/2022,397,25,0,,25,25,837.95,1813.93
14/05/2022,398,25,40,,-15,-15,822.95,1798.93
15/05/2022,399,25,0,,25,25,847.95,1823.93
16/05/2022,400,10,0,,10,10,857.95,1833.93
17/05/2022,401,35,0,,35,35,892.95,1868.93
18/05/2022,402,15.11,0,,15.11,15.11,908.06,1884.04
19/05/2022,403,15,16.97,,-1.97,-1.97,906.09,1882.07
20/05/2022,404,15,14.41,,0.59,0.59,906.68,1882.66
21/05/2022,405,15,65.5,,-50.5,-50.5,856.18,1832.16
22/05/2022,406,15,0,,15,15,871.18,1847.16
23/05/2022,407,35,0,,35,35,906.18,1882.16
24/05/2022,408,115,0.25,,114.75,114.75,1020.93,1996.91
25/05/2022,409,25,0,,25,25,1045.93,2021.91
26/05/2022,410,50,0,,50,50,1095.93,2071.91
27/05/2022,411,35,0.9,,34.1,34.1,1130.03,2106.01
28/05/2022,412,50,0,,50,50,1180.03,2156.01
29/05/2022,413,0,0,,0,0,1180.03,2156.01
30/05/2022,414,30.28,9.6,,20.68,20.68,1200.71,2176.69
31/05/2022,415,60,70,,-10,-10,1190.71,2166.69
01/06/2022,416,10,0,,10,10,1200.71,2176.69
02/06/2022,417,0,0,,0,0,1200.71,2176.69
03/06/2022,418,10,65,,-55,-55,1145.71,2121.69
04/06/2022,419,0,0,,0,0,1145.71,2121.69
05/06/2022,420,25,0,,25,25,1170.71,2146.69
06/06/2022,421,0,116.99,,-116.99,-116.99,1053.72,2029.7
07/06/2022,422,10,0,,10,10,1063.72,2039.7
08/06/2022,423,0,15,,-15,-15,1048.72,2024.7
09/06/2022,424,0,0,120,0,120,1048.72,2144.7
10/06/2022,425,60,0,,60,60,1108.72,2204.7
11/06/2022,426,10,0,,10,10,1118.72,2214.7
12/06/2022,427,10,0,,10,10,1128.72,2224.7
13/06/2022,428,35,0,,35,35,1163.72,2259.7
14/06/2022,429,50,9.1,,40.9,40.9,1204.62,2300.6
15/06/2022,430,0,0.51,,-0.51,-0.51,1204.11,2300.09
16/06/2022,431,0,0,,0,0,1204.11,2300.09
17/06/2022,432,0,65,,-65,-65,1139.11,2235.09
18/06/2022,433,10,0,,10,10,1149.11,2245.09
19/06/2022,434,0,0,,0,0,1149.11,2245.09
20/06/2022,435,0,0,,0,0,1149.11,2245.09
21/06/2022,436,0,0,,0,0,1149.11,2245.09
22/06/2022,437,50,0,,50,50,1199.11,2295.09
23/06/2022,438,0,0,,0,0,1199.11,2295.09
24/06/2022,439,0,0,,0,0,1199.11,2295.09
25/06/2022,440,0,0,,0,0,1199.11,2295.09
26/06/2022,441,70,5.83,,64.17,64.17,1263.28,2359.26
27/06/2022,442,70.02,0,,70.02,70.02,1333.3,2429.28
28/06/2022,443,0,0,,0,0,1333.3,2429.28
29/06/2022,444,0,65,,-65,-65,1268.3,2364.28
30/06/2022,445,50,0,,50,50,1318.3,2414.28
01/07/2022,446,0,19.99,,-19.99,-19.99,1298.31,2394.29
02/07/2022,447,10.01,7.5,,2.51,2.51,1300.82,2396.8
03/07/2022,448,0,0,,0,0,1300.82,2396.8
04/07/2022,449,70,0,,70,70,1370.82,2466.8
05/07/2022,450,35,0,,35,35,1405.82,2501.8
06/07/2022,451,0,0,,0,0,1405.82,2501.8
07/07/2022,452,105,0,,105,105,1510.82,2606.8
08/07/2022,453,0,0,,0,0,1510.82,2606.8
09/07/2022,454,0,0,,0,0,1510.82,2606.8
10/07/2022,455,70,0,,70,70,1580.82,2676.8
11/07/2022,456,0,67.6,,-67.6,-67.6,1513.22,2609.2
12/07/2022,457,80,0,,80,80,1593.22,2689.2
13/07/2022,458,0,0,,0,0,1593.22,2689.2
14/07/2022,459,10,0,,10,10,1603.22,2699.2
15/07/2022,460,0,30,,-30,-30,1573.22,2669.2
16/07/2022,461,10,0,,10,10,1583.22,2679.2
17/07/2022,462,0,0,,0,0,1583.22,2679.2
18/07/2022,463,10,0,,10,10,1593.22,2689.2
19/07/2022,464,10,0,,10,10,1603.22,2699.2
20/07/2022,465,0,0,,0,0,1603.22,2699.2
21/07/2022,466,0,6.5,,-6.5,-6.5,1596.72,2692.7
22/07/2022,467,10,0,,10,10,1606.72,2702.7
23/07/2022,468,0,0,,0,0,1606.72,2702.7
24/07/2022,469,0,65,20,-65,-45,1541.72,2657.7
25/07/2022,470,0,232.98,,-232.98,-232.98,1308.74,2424.72
26/07/2022,471,0,0,,0,0,1308.74,2424.72
27/07/2022,472,10,62,20,-52,-32,1256.74,2392.72
28/07/2022,473,30,0,,30,30,1286.74,2422.72
29/07/2022,474,0,98.5,20,-98.5,-78.5,1188.24,2344.22
30/07/2022,475,0,17.3,,-17.3,-17.3,1170.94,2326.92
31/07/2022,476,0,33.99,,-33.99,-33.99,1136.95,2292.93
01/08/2022,477,0,0,,0,0,1136.95,2292.93
02/08/2022,478,0,21.84,,-21.84,-21.84,1115.11,2271.09
03/08/2022,479,0,101.39,,-101.39,-101.39,1013.72,2169.7
04/08/2022,480,10,0,,10,10,1023.72,2179.7
05/08/2022,481,0,51.4,,-51.4,-51.4,972.32,2128.3
06/08/2022,482,10,0,,10,10,982.32,2138.3
07/08/2022,483,0,33.2,,-33.2,-33.2,949.12,2105.1
08/08/2022,484,0,6.5,,-6.5,-6.5,942.62,2098.6
09/08/2022,485,0,33.61,,-33.61,-33.61,909.01,2064.99
10/08/2022,486,0,0,,0,0,909.01,2064.99
11/08/2022,487,10,65,,-55,-55,854.01,2009.99
12/08/2022,488,0,32.98,,-32.98,-32.98,821.03,1977.01
13/08/2022,489,0,0,,0,0,821.03,1977.01
14/08/2022,490,10,0,,10,10,831.03,1987.01
15/08/2022,491,0,0,,0,0,831.03,1987.01
16/08/2022,492,70,1.42,100,68.58,168.58,899.61,2155.59
17/08/2022,493,0,15,150,-15,135,884.61,2290.59
18/08/2022,494,0,3,,-3,-3,881.61,2287.59
19/08/2022,495,0,18,,-18,-18,863.61,2269.59
20/08/2022,496,0,224.2,,-224.2,-224.2,639.41,2045.39
21/08/2022,497,0,7.8,,-7.8,-7.8,631.61,2037.59
22/08/2022,498,0,0,,0,0,631.61,2037.59
23/08/2022,499,0,396.61,,-396.61,-396.61,235,1640.98
24/08/2022,500,0,174.5,,-174.5,-174.5,60.5,1466.48
25/08/2022,501,0,125,,-125,-125,-64.5,1341.48
26/08/2022,502,0,166.59,,-166.59,-166.59,-231.09,1174.89
27/08/2022,503,0,0,,0,0,-231.09,1174.89
28/08/2022,504,0,17.5,,-17.5,-17.5,-248.59,1157.39
29/08/2022,505,140,0.99,,139.01,139.01,-109.58,1296.4
30/08/2022,506,103.61,0,,103.61,103.61,-5.97,1400.01
31/08/2022,507,0,70,,-70,-70,-75.97,1330.01
01/09/2022,508,120,2.44,,117.56,117.56,41.59,1447.57
02/09/2022,509,0,13.99,,-13.99,-13.99,27.6,1433.58
03/09/2022,510,90,9.99,,80.01,80.01,107.61,1513.59
04/09/2022,511,60,24.39,,35.61,35.61,143.22,1549.2
05/09/2022,512,0,57.99,,-57.99,-57.99,85.23,1491.21
06/09/2022,513,0,27.8,,-27.8,-27.8,57.43,1463.41
07/09/2022,514,60,0,,60,60,117.43,1523.41
08/09/2022,515,0,0,,0,0,117.43,1523.41
09/09/2022,516,0,0,,0,0,117.43,1523.41
10/09/2022,517,0,53,,-53,-53,64.43,1470.41
11/09/2022,518,80,0,,80,80,144.43,1550.41
12/09/2022,519,70,0,,70,70,214.43,1620.41
13/09/2022,520,10,0,,10,10,224.43,1630.41
14/09/2022,521,10,30,,-20,-20,204.43,1610.41
15/09/2022,522,0,0,,0,0,204.43,1610.41
16/09/2022,523,70,0,,70,70,274.43,1680.41
17/09/2022,524,0,0,,0,0,274.43,1680.41
18/09/2022,525,0,10.85,,-10.85,-10.85,263.58,1669.56
19/09/2022,526,0,0,,0,0,263.58,1669.56
20/09/2022,527,0,50,,-50,-50,213.58,1619.56
21/09/2022,528,0,0,,0,0,213.58,1619.56
22/09/2022,529,0,112,,-112,-112,101.58,1507.56
23/09/2022,530,0,50,1200,-50,1150,51.58,2657.56
24/09/2022,531,0,50.6,,-50.6,-50.6,0.98,2606.96
25/09/2022,532,0,0,,0,0,0.98,2606.96
26/09/2022,533,0,0,,0,0,0.98,2606.96
27/09/2022,534,0,0,,0,0,0.98,2606.96
28/09/2022,535,20,6.5,,13.5,13.5,14.48,2620.46
29/09/2022,536,10,5.69,,4.31,4.31,18.79,2624.77
30/09/2022,537,0,0,,0,0,18.79,2624.77
01/10/2022,538,10,0,,10,10,28.79,2634.77
02/10/2022,539,0,1158,,-1158,-1158,-1129.21,1476.77
03/10/2022,540,0,38.99,,-38.99,-38.99,-1168.2,1437.78
04/10/2022,541,0,0,,0,0,-1168.2,1437.78
05/10/2022,542,10,0,,10,10,-1158.2,1447.78
06/10/2022,543,0,0,18.83,0,18.83,-1158.2,1466.61
07/10/2022,544,0,0,,0,0,-1158.2,1466.61
08/10/2022,545,30,0,,30,30,-1128.2,1496.61
09/10/2022,546,0,0,,0,0,-1128.2,1496.61
10/10/2022,547,0,58.5,,-58.5,-58.5,-1186.7,1438.11
11/10/2022,548,0,0,20,0,20,-1186.7,1458.11
12/10/2022,549,0,0,,0,0,-1186.7,1458.11
13/10/2022,550,10,0,20,10,30,-1176.7,1488.11
14/10/2022,551,0,35.74,,-35.74,-35.74,-1212.44,1452.37
15/10/2022,552,10,0,,10,10,-1202.44,1462.37
16/10/2022,553,10,15,,-5,-5,-1207.44,1457.37
17/10/2022,554,0,0,,0,0,-1207.44,1457.37
18/10/2022,555,10,50,,-40,-40,-1247.44,1417.37
19/10/2022,556,0,0,,0,0,-1247.44,1417.37
20/10/2022,557,10,0,,10,10,-1237.44,1427.37
21/10/2022,558,20,13.05,,6.95,6.95,-1230.49,1434.32
22/10/2022,559,30,0,,30,30,-1200.49,1464.32
23/10/2022,560,0,0,20,0,20,-1200.49,1484.32
24/10/2022,561,0,0,,0,0,-1200.49,1484.32
25/10/2022,562,0,30,,-30,-30,-1230.49,1454.32
26/10/2022,563,0,0,,0,0,-1230.49,1454.32
27/10/2022,564,0,50.81,,-50.81,-50.81,-1281.3,1403.51
28/10/2022,565,0,9.29,,-9.29,-9.29,-1290.59,1394.22
29/10/2022,566,0,48,,-48,-48,-1338.59,1346.22
30/10/2022,567,0,40,,-40,-40,-1378.59,1306.22
31/10/2022,568,0,100,,-100,-100,-1478.59,1206.22
01/11/2022,569,0,0,,0,0,-1478.59,1206.22
02/11/2022,570,0,0,,0,0,-1478.59,1206.22
03/11/2022,571,0,0,,0,0,-1478.59,1206.22
04/11/2022,572,0,0,,0,0,-1478.59,1206.22
05/11/2022,573,100,0,,100,100,-1378.59,1306.22
06/11/2022,574,20,0,,20,20,-1358.59,1326.22
07/11/2022,575,0,4.4,20,-4.4,15.6,-1362.99,1341.82
08/11/2022,576,0,0,,0,0,-1362.99,1341.82
09/11/2022,577,0,8.5,,-8.5,-8.5,-1371.49,1333.32
10/11/2022,578,0,0,,0,0,-1371.49,1333.32
11/11/2022,579,10,21,,-11,-11,-1382.49,1322.32
12/11/2022,580,15,20,,-5,-5,-1387.49,1317.32
13/11/2022,581,30,0,,30,30,-1357.49,1347.32
14/11/2022,582,10,19.88,,-9.88,-9.88,-1367.37,1337.44
15/11/2022,583,0,28.6,,-28.6,-28.6,-1395.97,1308.84
16/11/2022,584,0,20,,-20,-20,-1415.97,1288.84
17/11/2022,585,10,0,,10,10,-1405.97,1298.84
18/11/2022,586,0,30,,-30,-30,-1435.97,1268.84
19/11/2022,587,10,8.6,20,1.4,21.4,-1434.57,1290.24
20/11/2022,588,0,0,,0,0,-1434.57,1290.24
21/11/2022,589,10,8.4,20,1.6,21.6,-1432.97,1311.84
22/11/2022,590,0,54.4,,-54.4,-54.4,-1487.37,1257.44
23/11/2022,591,20,4.4,10,15.6,25.6,-1471.77,1283.04
24/11/2022,592,0,4.4,10,-4.4,5.6,-1476.17,1288.64
25/11/2022,593,0,40.79,,-40.79,-40.79,-1516.96,1247.85
26/11/2022,594,10,0,,10,10,-1506.96,1257.85
27/11/2022,595,0,0,,0,0,-1506.96,1257.85
28/11/2022,596,90,0,20,90,110,-1416.96,1367.85
29/11/2022,597,0,0,,0,0,-1416.96,1367.85
30/11/2022,598,0,0,,0,0,-1416.96,1367.85
01/12/2022,599,20,24.45,,-4.45,-4.45,-1421.41,1363.4
02/12/2022,600,0,68,,-68,-68,-1489.41,1295.4
03/12/2022,601,10,0,,10,10,-1479.41,1305.4
04/12/2022,602,15,0,,15,15,-1464.41,1320.4
05/12/2022,603,15,0,,15,15,-1449.41,1335.4
06/12/2022,604,0,0,,0,0,-1449.41,1335.4
07/12/2022,605,0,64.8,,-64.8,-64.8,-1514.21,1270.6
08/12/2022,606,0,4.55,,-4.55,-4.55,-1518.76,1266.05
09/12/2022,607,0,70.8,,-70.8,-70.8,-1589.56,1195.25
10/12/2022,608,10,60.7,,-50.7,-50.7,-1640.26,1144.55
11/12/2022,609,10,0,,10,10,-1630.26,1154.55
12/12/2022,610,0,0,,0,0,-1630.26,1154.55
13/12/2022,611,10,0,,10,10,-1620.26,1164.55
14/12/2022,612,10,0,,10,10,-1610.26,1174.55
15/12/2022,613,10,15,20,-5,15,-1615.26,1189.55
16/12/2022,614,0,19.47,,-19.47,-19.47,-1634.73,1170.08
17/12/2022,615,15,9.9,,5.1,5.1,-1629.63,1175.18
18/12/2022,616,10,40,,-30,-30,-1659.63,1145.18
19/12/2022,617,10,8.85,20,1.15,21.15,-1658.48,1166.33
20/12/2022,618,0,9.85,,-9.85,-9.85,-1668.33,1156.48
21/12/2022,619,0,21.6,20,-21.6,-1.6,-1689.93,1154.88
22/12/2022,620,0,4.4,20,-4.4,15.6,-1694.33,1170.48
23/12/2022,621,0,50,,-50,-50,-1744.33,1120.48
24/12/2022,622,0,40,,-40,-40,-1784.33,1080.48
25/12/2022,623,0,70,50,-70,-20,-1854.33,1060.48
26/12/2022,624,0,63,,-63,-63,-1917.33,997.48
27/12/2022,625,0,0,1000,0,1000,-1917.33,1997.48
28/12/2022,626,10,0,,10,10,-1907.33,2007.48
29/12/2022,627,0,50,,-50,-50,-1957.33,1957.48
30/12/2022,628,0,15,,-15,-15,-1972.33,1942.48
31/12/2022,629,0,57,100,-57,43,-2029.33,1985.48
01/01/2023,630,0,43.99,,-43.99,-43.99,-2073.32,1941.49
02/01/2023,631,0,0,,0,0,-2073.32,1941.49
03/01/2023,632,0,117.3,,-117.3,-117.3,-2190.62,1824.19
04/01/2023,633,10,47,,-37,-37,-2227.62,1787.19
05/01/2023,634,0,0,,0,0,-2227.62,1787.19
06/01/2023,635,10,0,,10,10,-2217.62,1797.19
07/01/2023,636,0,0,,0,0,-2217.62,1797.19
08/01/2023,637,0,50,,-50,-50,-2267.62,1747.19
09/01/2023,638,50,0,,50,50,-2217.62,1797.19
10/01/2023,639,0,0,,0,0,-2217.62,1797.19
11/01/2023,640,70,0,,70,70,-2147.62,1867.19
12/01/2023,641,0,0,,0,0,-2147.62,1867.19
13/01/2023,642,0,0,,0,0,-2147.62,1867.19
14/01/2023,643,10,0,,10,10,-2137.62,1877.19
15/01/2023,644,0,0,55.89,0,55.89,-2137.62,1933.08
16/01/2023,645,100,0,,100,100,-2037.62,2033.08
17/01/2023,646,0,0,,0,0,-2037.62,2033.08
18/01/2023,647,20,0,,20,20,-2017.62,2053.08
19/01/2023,648,0,15,,-15,-15,-2032.62,2038.08
20/01/2023,649,15,0,7.95,15,22.95,-2017.62,2061.03
21/01/2023,650,10,50,,-40,-40,-2057.62,2021.03
22/01/2023,651,10,15,,-5,-5,-2062.62,2016.03
23/01/2023,652,0,52.9,,-52.9,-52.9,-2115.52,1963.13
24/01/2023,653,0,0,,0,0,-2115.52,1963.13
25/01/2023,654,0,0,30,0,30,-2115.52,1993.13
26/01/2023,655,10,7.5,,2.5,2.5,-2113.02,1995.63
27/01/2023,656,0,0,,0,0,-2113.02,1995.63
28/01/2023,657,0,0,,0,0,-2113.02,1995.63
29/01/2023,658,10,53,,-43,-43,-2156.02,1952.63
30/01/2023,659,0,0,,0,0,-2156.02,1952.63
31/01/2023,660,0,0,,0,0,-2156.02,1952.63
01/02/2023,661,0,19.49,,-19.49,-19.49,-2175.51,1933.14
02/02/2023,662,10,0,,10,10,-2165.51,1943.14
03/02/2023,663,90,0,,90,90,-2075.51,2033.14
04/02/2023,664,10,0,,10,10,-2065.51,2043.14
05/02/2023,665,90,0,,90,90,-1975.51,2133.14
06/02/2023,666,30,0,,30,30,-1945.51,2163.14
07/02/2023,667,30,0,,30,30,-1915.51,2193.14
08/02/2023,668,0,60.8,,-60.8,-60.8,-1976.31,2132.34
09/02/2023,669,70,0,,70,70,-1906.31,2202.34
10/02/2023,670,0,0,,0,0,-1906.31,2202.34
11/02/2023,671,10,0,,10,10,-1896.31,2212.34
12/02/2023,672,10,12.99,,-2.99,-2.99,-1899.3,2209.35
13/02/2023,673,15,0,,15,15,-1884.3,2224.35
14/02/2023,674,0,0,,0,0,-1884.3,2224.35
15/02/2023,675,0,0,,0,0,-1884.3,2224.35
16/02/2023,676,90,0,,90,90,-1794.3,2314.35
17/02/2023,677,0,65,,-65,-65,-1859.3,2249.35
18/02/2023,678,10,7,,3,3,-1856.3,2252.35
19/02/2023,679,0,0,,0,0,-1856.3,2252.35
20/02/2023,680,110,0,,110,110,-1746.3,2362.35
21/02/2023,681,0,0,,0,0,-1746.3,2362.35
22/02/2023,682,0,32,,-32,-32,-1778.3,2330.35
23/02/2023,683,10,0,,10,10,-1768.3,2340.35
24/02/2023,684,40,0,,40,40,-1728.3,2380.35
25/02/2023,685,10,50,10,-40,-30,-1768.3,2350.35
26/02/2023,686,25,67,,-42,-42,-1810.3,2308.35
27/02/2023,687,115,4.99,,110.01,110.01,-1700.29,2418.36
28/02/2023,688,0,0,,0,0,-1700.29,2418.36
01/03/2023,689,0,0,,0,0,-1700.29,2418.36
02/03/2023,690,20,0,,20,20,-1680.29,2438.36
03/03/2023,691,0,30,,-30,-30,-1710.29,2408.36
04/03/2023,692,30,0,,30,30,-1680.29,2438.36
05/03/2023,693,0,6.5,,-6.5,-6.5,-1686.79,2431.86
06/03/2023,694,0,50,,-50,-50,-1736.79,2381.86
07/03/2023,695,0,0,,0,0,-1736.79,2381.86
08/03/2023,696,10,50,,-40,-40,-1776.79,2341.86
09/03/2023,697,0,29.2,,-29.2,-29.2,-1805.99,2312.66
10/03/2023,698,0,13.35,,-13.35,-13.35,-1819.34,2299.31
11/03/2023,699,10,130.6,,-120.6,-120.6,-1939.94,2178.71
12/03/2023,700,0,0,,0,0,-1939.94,2178.71
13/03/2023,701,15,0,,15,15,-1924.94,2193.71
14/03/2023,702,10,0,,10,10,-1914.94,2203.71
15/03/2023,703,10,0,,10,10,-1904.94,2213.71
16/03/2023,704,15,24,,-9,-9,-1913.94,2204.71
17/03/2023,705,0,51.5,,-51.5,-51.5,-1965.44,2153.21
18/03/2023,706,0,8,,-8,-8,-1973.44,2145.21
19/03/2023,707,0,1.94,,-1.94,-1.94,-1975.38,2143.27
20/03/2023,708,0,10,,-10,-10,-1985.38,2133.27
21/03/2023,709,0,3.2,,-3.2,-3.2,-1988.58,2130.07
22/03/2023,710,20,10,,10,10,-1978.58,2140.07
23/03/2023,711,0,0,,0,0,-1978.58,2140.07
24/03/2023,712,15,50,,-35,-35,-2013.58,2105.07
25/03/2023,713,10,20.5,,-10.5,-10.5,-2024.08,2094.57
26/03/2023,714,10,10,,0,0,-2024.08,2094.57
27/03/2023,715,0,10,,-10,-10,-2034.08,2084.57
28/03/2023,716,0,0,,0,0,-2034.08,2084.57
29/03/2023,717,0,111,,-111,-111,-2145.08,1973.57
30/03/2023,718,0,4.48,,-4.48,-4.48,-2149.56,1969.09
31/03/2023,719,15,20,,-5,-5,-2154.56,1964.09
01/04/2023,720,27.5,0,,27.5,27.5,-2127.06,1991.59
02/04/2023,721,17.5,0,,17.5,17.5,-2109.56,2009.09
03/04/2023,722,0,0,,0,0,-2109.56,2009.09
04/04/2023,723,0,10,,-10,-10,-2119.56,1999.09
05/04/2023,724,0,10,,-10,-10,-2129.56,1989.09
06/04/2023,725,0,60,,-60,-60,-2189.56,1929.09
07/04/2023,726,0,0,,0,0,-2189.56,1929.09
08/04/2023,727,40,0,,40,40,-2149.56,1969.09
09/04/2023,728,0,7,,-7,-7,-2156.56,1962.09
10/04/2023,729,0,10,,-10,-10,-2166.56,1952.09
11/04/2023,730,10,50,,-40,-40,-2206.56,1912.09
12/04/2023,731,0,0,,0,0,-2206.56,1912.09
13/04/2023,732,0,0,,0,0,-2206.56,1912.09
14/04/2023,733,0,0,,0,0,-2206.56,1912.09
15/04/2023,734,0,0,50,0,50,-2206.56,1962.09
16/04/2023,735,0,0,,0,0,-2206.56,1962.09
17/04/2023,736,0,20.15,,-20.15,-20.15,-2226.71,1941.94
18/04/2023,737,0,0,,0,0,-2226.71,1941.94
19/04/2023,738,0,28.31,,-28.31,-28.31,-2255.02,1913.63
20/04/2023,739,10,19,20,-9,11,-2264.02,1924.63
21/04/2023,740,0,75,,-75,-75,-2339.02,1849.63
22/04/2023,741,10,57,,-47,-47,-2386.02,1802.63
23/04/2023,742,10,0,,10,10,-2376.02,1812.63
24/04/2023,743,10,18.51,,-8.51,-8.51,-2384.53,1804.12
25/04/2023,744,0,40,,-40,-40,-2424.53,1764.12
26/04/2023,745,0,60,,-60,-60,-2484.53,1704.12
27/04/2023,746,0,10,,-10,-10,-2494.53,1694.12
28/04/2023,747,0,6.99,,-6.99,-6.99,-2501.52,1687.13
29/04/2023,748,10,60,,-50,-50,-2551.52,1637.13
30/04/2023,749,20,0,,20,20,-2531.52,1657.13
01/05/2023,750,0,50,,-50,-50,-2581.52,1607.13
02/05/2023,751,100,80,,20,20,-2561.52,1627.13
03/05/2023,752,15,1.95,,13.05,13.05,-2548.47,1640.18
04/05/2023,753,10,5.75,,4.25,4.25,-2544.22,1644.43
05/05/2023,754,10,7,,3,3,-2541.22,1647.43
06/05/2023,755,10,0,,10,10,-2531.22,1657.43
07/05/2023,756,10,0,,10,10,-2521.22,1667.43
08/05/2023,757,20,1.5,10,18.5,28.5,-2502.72,1695.93
09/05/2023,758,0,0,,0,0,-2502.72,1695.93
10/05/2023,759,30,70,,-40,-40,-2542.72,1655.93
11/05/2023,760,0,217.4,,-217.4,-217.4,-2760.12,1438.53
12/05/2023,761,15,30,15,-15,0,-2775.12,1438.53
13/05/2023,762,10,15,,-5,-5,-2780.12,1433.53
14/05/2023,763,10,0,,10,10,-2770.12,1443.53
15/05/2023,764,0,10,,-10,-10,-2780.12,1433.53
16/05/2023,765,0,10,,-10,-10,-2790.12,1423.53
17/05/2023,766,10,20,,-10,-10,-2800.12,1413.53
18/05/2023,767,0,10,,-10,-10,-2810.12,1403.53
19/05/2023,768,0,27,,-27,-27,-2837.12,1376.53
20/05/2023,769,10,97.81,,-87.81,-87.81,-2924.93,1288.72
21/05/2023,770,10,50,,-40,-40,-2964.93,1248.72
22/05/2023,771,10,0,,10,10,-2954.93,1258.72
23/05/2023,772,0,0,,0,0,-2954.93,1258.72
24/05/2023,773,20,7,,13,13,-2941.93,1271.72
25/05/2023,774,20,0,,20,20,-2921.93,1291.72
26/05/2023,775,0,0,,0,0,-2921.93,1291.72
27/05/2023,776,20,0,,20,20,-2901.93,1311.72
28/05/2023,777,20,70,,-50,-50,-2951.93,1261.72
29/05/2023,778,0,0,20,0,20,-2951.93,1281.72
30/05/2023,779,0,0,,0,0,-2951.93,1281.72
31/05/2023,780,0,6.19,,-6.19,-6.19,-2958.12,1275.53
01/06/2023,781,0,0,,0,0,-2958.12,1275.53
02/06/2023,782,0,0,,0,0,-2958.12,1275.53
03/06/2023,783,0,0,,0,0,-2958.12,1275.53
04/06/2023,784,0,0,,0,0,-2958.12,1275.53
05/06/2023,785,0,0,,0,0,-2958.12,1275.53
06/06/2023,786,0,0,,0,0,-2958.12,1275.53
07/06/2023,787,0,11.65,10,-11.65,-1.65,-2969.77,1273.88
08/06/2023,788,0,60,,-60,-60,-3029.77,1213.88
09/06/2023,789,90,4.9,,85.1,85.1,-2944.67,1298.98
10/06/2023,790,10,0,,10,10,-2934.67,1308.98
11/06/2023,791,0,0,,0,0,-2934.67,1308.98
12/06/2023,792,0,0,,0,0,-2934.67,1308.98
13/06/2023,793,0,23.99,,-23.99,-23.99,-2958.66,1284.99
14/06/2023,794,0,0,,0,0,-2958.66,1284.99
15/06/2023,795,0,0,,0,0,-2958.66,1284.99
16/06/2023,796,0,8.5,,-8.5,-8.5,-2967.16,1276.49
17/06/2023,797,10,0,,10,10,-2957.16,1286.49
18/06/2023,798,0,81.85,,-81.85,-81.85,-3039.01,1204.64
19/06/2023,799,180,24.17,,155.83,155.83,-2883.18,1360.47
20/06/2023,800,90,14,50,76,126,-2807.18,1486.47
21/06/2023,801,170.45,10,,160.45,160.45,-2646.73,1646.92
22/06/2023,802,0,7,,-7,-7,-2653.73,1639.92
23/06/2023,803,80,84.82,30,-4.82,25.18,-2658.55,1665.1
24/06/2023,804,0,23.85,,-23.85,-23.85,-2682.4,1641.25
25/06/2023,805,0,0,,0,0,-2682.4,1641.25
26/06/2023,806,0,132.3,,-132.3,-132.3,-2814.7,1508.95
27/06/2023,807,0,0,,0,0,-2814.7,1508.95
28/06/2023,808,0,0,,0,0,-2814.7,1508.95
29/06/2023,809,0,10.79,,-10.79,-10.79,-2825.49,1498.16
30/06/2023,810,90,0,,90,90,-2735.49,1588.16
01/07/2023,811,0,0,50,0,50,-2735.49,1638.16
02/07/2023,812,10,0,,10,10,-2725.49,1648.16
03/07/2023,813,0,50,,-50,-50,-2775.49,1598.16
04/07/2023,814,0,0,,0,0,-2775.49,1598.16
05/07/2023,815,0,0,,0,0,-2775.49,1598.16
06/07/2023,816,90,0,,90,90,-2685.49,1688.16
07/07/2023,817,0,8.4,,-8.4,-8.4,-2693.89,1679.76
08/07/2023,818,0,0,,0,0,-2693.89,1679.76
09/07/2023,819,10,2.9,,7.1,7.1,-2686.79,1686.86
10/07/2023,820,0,50,,-50,-50,-2736.79,1636.86
11/07/2023,821,0,0,,0,0,-2736.79,1636.86
12/07/2023,822,0,0,,0,0,-2736.79,1636.86
13/07/2023,823,50,0,,50,50,-2686.79,1686.86
14/07/2023,824,0,15.4,,-15.4,-15.4,-2702.19,1671.46
15/07/2023,825,10,70,,-60,-60,-2762.19,1611.46
16/07/2023,826,0,0,,0,0,-2762.19,1611.46
17/07/2023,827,0,25,,-25,-25,-2787.19,1586.46
18/07/2023,828,0,25,,-25,-25,-2812.19,1561.46
19/07/2023,829,120,10.39,,109.61,109.61,-2702.58,1671.07
20/07/2023,830,0,11.2,500,-11.2,488.8,-2713.78,2159.87
21/07/2023,831,10,5.99,,4.01,4.01,-2709.77,2163.88
22/07/2023,832,0,128.44,,-128.44,-128.44,-2838.21,2035.44
23/07/2023,833,0,35.33,,-35.33,-35.33,-2873.54,2000.11
24/07/2023,834,0,8.04,,-8.04,-8.04,-2881.58,1992.07
25/07/2023,835,0,210.9,,-210.9,-210.9,-3092.48,1781.17
26/07/2023,836,0,0,,0,0,-3092.48,1781.17
27/07/2023,837,0,10,,-10,-10,-3102.48,1771.17
28/07/2023,838,0,748.5,,-748.5,-748.5,-3850.98,1022.67
29/07/2023,839,0,15,,-15,-15,-3865.98,1007.67
30/07/2023,840,0,21.54,,-21.54,-21.54,-3887.52,986.13
31/07/2023,841,0,51.2,,-51.2,-51.2,-3938.72,934.93
01/08/2023,842,10,40.98,,-30.98,-30.98,-3969.7,903.95
02/08/2023,843,0,0.79,10,-0.79,9.21,-3970.49,913.16
03/08/2023,844,0,20.2,,-20.2,-20.2,-3990.69,892.96
04/08/2023,845,0,33.3,,-33.3,-33.3,-4023.99,859.66
05/08/2023,846,0,25,,-25,-25,-4048.99,834.66
06/08/2023,847,10,0,,10,10,-4038.99,844.66
07/08/2023,848,0,21.8,,-21.8,-21.8,-4060.79,822.86
08/08/2023,849,0,0,,0,0,-4060.79,822.86
09/08/2023,850,0,0,,0,0,-4060.79,822.86
10/08/2023,851,0,0,,0,0,-4060.79,822.86
11/08/2023,852,0,0,,0,0,-4060.79,822.86
12/08/2023,853,0,50,,-50,-50,-4110.79,772.86
13/08/2023,854,0,17.15,,-17.15,-17.15,-4127.94,755.71
14/08/2023,855,0,80,50,-80,-30,-4207.94,725.71
15/08/2023,856,0,72.45,,-72.45,-72.45,-4280.39,653.26
16/08/2023,857,0,92.3,,-92.3,-92.3,-4372.69,560.96
17/08/2023,858,10,0,,10,10,-4362.69,570.96
18/08/2023,859,0,57,380.85,-57,323.85,-4419.69,894.81
19/08/2023,860,0,0,,0,0,-4419.69,894.81
20/08/2023,861,0,112.48,,-112.48,-112.48,-4532.17,782.33
21/08/2023,862,0,100,,-100,-100,-4632.17,682.33
22/08/2023,863,0,0,,0,0,-4632.17,682.33
23/08/2023,864,0,0,,0,0,-4632.17,682.33
24/08/2023,865,0,19.5,,-19.5,-19.5,-4651.67,662.83
25/08/2023,866,0,50,,-50,-50,-4701.67,612.83
26/08/2023,867,10,8,,2,2,-4699.67,614.83
27/08/2023,868,0,0,,0,0,-4699.67,614.83
28/08/2023,869,0,0,,0,0,-4699.67,614.83
29/08/2023,870,130,2.5,,127.5,127.5,-4572.17,742.33
30/08/2023,871,0,13.8,,-13.8,-13.8,-4585.97,728.53
31/08/2023,872,0,50,,-50,-50,-4635.97,678.53
01/09/2023,873,0,23.39,,-23.39,-23.39,-4659.36,655.14
02/09/2023,874,10,0,,10,10,-4649.36,665.14
03/09/2023,875,0,40.4,,-40.4,-40.4,-4689.76,624.74
04/09/2023,876,0,0,50,0,50,-4689.76,674.74
05/09/2023,877,0,0,,0,0,-4689.76,674.74
06/09/2023,878,0,20,,-20,-20,-4709.76,654.74
07/09/2023,879,0,30.7,,-30.7,-30.7,-4740.46,624.04
08/09/2023,880,119.5,0,,119.5,119.5,-4620.96,743.54
09/09/2023,881,160,0,,160,160,-4460.96,903.54
10/09/2023,882,0,0,,0,0,-4460.96,903.54
11/09/2023,883,0,0,,0,0,-4460.96,903.54
12/09/2023,884,0,57,,-57,-57,-4517.96,846.54
13/09/2023,885,10,1,,9,9,-4508.96,855.54
14/09/2023,886,130,0,,130,130,-4378.96,985.54
15/09/2023,887,0,0,,0,0,-4378.96,985.54
16/09/2023,888,0,0,,0,0,-4378.96,985.54
17/09/2023,889,10,0,,10,10,-4368.96,995.54
18/09/2023,890,0,0,,0,0,-4368.96,995.54
19/09/2023,891,0,16.49,,-16.49,-16.49,-4385.45,979.05
20/09/2023,892,0,50,,-50,-50,-4435.45,929.05
21/09/2023,893,10,0,,10,10,-4425.45,939.05
22/09/2023,894,10,100,50,-90,-40,-4515.45,899.05
23/09/2023,895,10,45,,-35,-35,-4550.45,864.05
24/09/2023,896,10,0,,10,10,-4540.45,874.05
25/09/2023,897,0,2,,-2,-2,-4542.45,872.05
26/09/2023,898,0,50,,-50,-50,-4592.45,822.05
27/09/2023,899,10,57,,-47,-47,-4639.45,775.05
28/09/2023,900,0,0,,0,0,-4639.45,775.05
29/09/2023,901,0,56.4,10,-56.4,-46.4,-4695.85,728.65
30/09/2023,902,10,4.17,,5.83,5.83,-4690.02,734.48
01/10/2023,903,10,0,,10,10,-4680.02,744.48
02/10/2023,904,0,0,1000,0,1000,-4680.02,1744.48
03/10/2023,905,0,53.65,,-53.65,-53.65,-4733.67,1690.83
04/10/2023,906,15,0,,15,15,-4718.67,1705.83
05/10/2023,907,10,120,,-110,-110,-4828.67,1595.83
06/10/2023,908,0,38.1,10,-38.1,-28.1,-4866.77,1567.73
07/10/2023,909,10,7,,3,3,-4863.77,1570.73
08/10/2023,910,10,5.65,,4.35,4.35,-4859.42,1575.08
09/10/2023,911,10,6.55,,3.45,3.45,-4855.97,1578.53
10/10/2023,912,15,50,,-35,-35,-4890.97,1543.53
11/10/2023,913,0,3.95,,-3.95,-3.95,-4894.92,1539.58
12/10/2023,914,0,14.3,,-14.3,-14.3,-4909.22,1525.28
13/10/2023,915,0,50,,-50,-50,-4959.22,1475.28
14/10/2023,916,10,0,,10,10,-4949.22,1485.28
15/10/2023,917,0,7,,-7,-7,-4956.22,1478.28
16/10/2023,918,0,0,,0,0,-4956.22,1478.28
17/10/2023,919,70,0,,70,70,-4886.22,1548.28
18/10/2023,920,130.2,0,,130.2,130.2,-4756.02,1678.48
19/10/2023,921,0,77.19,,-77.19,-77.19,-4833.21,1601.29
20/10/2023,922,0,62.6,,-62.6,-62.6,-4895.81,1538.69
21/10/2023,923,10,100,,-90,-90,-4985.81,1448.69
22/10/2023,924,0,0,,0,0,-4985.81,1448.69
23/10/2023,925,10,7,,3,3,-4982.81,1451.69
24/10/2023,926,10,0,,10,10,-4972.81,1461.69
25/10/2023,927,20,0,,20,20,-4952.81,1481.69
26/10/2023,928,0,0,,0,0,-4952.81,1481.69
27/10/2023,929,150,115,,35,35,-4917.81,1516.69
28/10/2023,930,0,96.34,,-96.34,-96.34,-5014.15,1420.35
29/10/2023,931,0,0,,0,0,-5014.15,1420.35
30/10/2023,932,10,0,,10,10,-5004.15,1430.35
31/10/2023,933,0,0,,0,0,-5004.15,1430.35
01/11/2023,934,10,0,,10,10,-4994.15,1440.35
02/11/2023,935,10,10.5,,-0.5,-0.5,-4994.65,1439.85
03/11/2023,936,0,0,,0,0,-4994.65,1439.85
04/11/2023,937,10,0,,10,10,-4984.65,1449.85
05/11/2023,938,0,110,,-110,-110,-5094.65,1339.85
06/11/2023,939,10,37.56,,-27.56,-27.56,-5122.21,1312.29
07/11/2023,940,0,0,,0,0,-5122.21,1312.29
08/11/2023,941,75,9.15,,65.85,65.85,-5056.36,1378.14
09/11/2023,942,10,80.8,,-70.8,-70.8,-5127.16,1307.34
10/11/2023,943,0,66.76,,-66.76,-66.76,-5193.92,1240.58
11/11/2023,944,10,0,,10,10,-5183.92,1250.58
12/11/2023,945,20,0,,20,20,-5163.92,1270.58
13/11/2023,946,15,2.15,,12.85,12.85,-5151.07,1283.43
14/11/2023,947,0,40,,-40,-40,-5191.07,1243.43
15/11/2023,948,15,5.7,,9.3,9.3,-5181.77,1252.73
16/11/2023,949,25,77,,-52,-52,-5233.77,1200.73
17/11/2023,950,0,50,,-50,-50,-5283.77,1150.73
18/11/2023,951,15,80,,-65,-65,-5348.77,1085.73
19/11/2023,952,0,318.79,,-318.79,-318.79,-5667.56,766.94
20/11/2023,953,10,0,,10,10,-5657.56,776.94
21/11/2023,954,0,0,,0,0,-5657.56,776.94
22/11/2023,955,10,33.7,,-23.7,-23.7,-5681.26,753.24
23/11/2023,956,0,30,,-30,-30,-5711.26,723.24
24/11/2023,957,0,80,,-80,-80,-5791.26,643.24
25/11/2023,958,10,61,,-51,-51,-5842.26,592.24
26/11/2023,959,15,0,,15,15,-5827.26,607.24
27/11/2023,960,0,4.89,,-4.89,-4.89,-5832.15,602.35
28/11/2023,961,0,6.95,,-6.95,-6.95,-5839.1,595.4
29/11/2023,962,25,10,,15,15,-5824.1,610.4
30/11/2023,963,0,97,,-97,-97,-5921.1,513.4
01/12/2023,964,0,53.7,,-53.7,-53.7,-5974.8,459.7
02/12/2023,965,10,22.7,,-12.7,-12.7,-5987.5,447
03/12/2023,966,10,71.4,,-61.4,-61.4,-6048.9,385.6
04/12/2023,967,0,30,,-30,-30,-6078.9,355.6
05/12/2023,968,10,0,,10,10,-6068.9,365.6
06/12/2023,969,15,35,,-20,-20,-6088.9,345.6
07/12/2023,970,10,0,,10,10,-6078.9,355.6
08/12/2023,971,10,0,,10,10,-6068.9,365.6
09/12/2023,972,10,0,,10,10,-6058.9,375.6
10/12/2023,973,10,0,,10,10,-6048.9,385.6
11/12/2023,974,15,0,,15,15,-6033.9,400.6
12/12/2023,975,10,0,,10,10,-6023.9,410.6
13/12/2023,976,10,0,,10,10,-6013.9,420.6
14/12/2023,977,10,0,,10,10,-6003.9,430.6
15/12/2023,978,25,13.4,210,11.6,221.6,-5992.3,652.2
16/12/2023,979,0,82,,-82,-82,-6074.3,570.2
17/12/2023,980,0,26,,-26,-26,-6100.3,544.2
18/12/2023,981,0,10,,-10,-10,-6110.3,534.2
19/12/2023,982,0,65,,-65,-65,-6175.3,469.2
20/12/2023,983,0,10,,-10,-10,-6185.3,459.2
21/12/2023,984,0,0,,0,0,-6185.3,459.2
22/12/2023,985,0,0,100,0,100,-6185.3,559.2
23/12/2023,986,0,3.55,,-3.55,-3.55,-6188.85,555.65
24/12/2023,987,0,16.74,,-16.74,-16.74,-6205.59,538.91
25/12/2023,988,0,35,,-35,-35,-6240.59,503.91
26/12/2023,989,0,20,,-20,-20,-6260.59,483.91
27/12/2023,990,0,107,,-107,-107,-6367.59,376.91
28/12/2023,991,10,80,17,-70,-53,-6437.59,323.91
29/12/2023,992,0,0,,0,0,-6437.59,323.91
30/12/2023,993,0,35,50,-35,15,-6472.59,338.91
31/12/2023,994,0,80.89,,-80.89,-80.89,-6553.48,258.02
01/01/2024,995,0,67,,-67,-67,-6620.48,191.02
02/01/2024,996,0,0,,0,0,-6620.48,191.02
03/01/2024,997,10,9.4,,0.6,0.6,-6619.88,191.62
04/01/2024,998,0,50.3,,-50.3,-50.3,-6670.18,141.32
05/01/2024,999,0,1.25,,-1.25,-1.25,-6671.43,140.07
06/01/2024,1000,10,50,,-40,-40,-6711.43,100.07
07/01/2024,1001,10,0,1000,10,1010,-6701.43,1110.07
08/01/2024,1002,15,0,,15,15,-6686.43,1125.07
09/01/2024,1003,10,2.5,,7.5,7.5,-6678.93,1132.57
10/01/2024,1004,0,0,,0,0,-6678.93,1132.57
11/01/2024,1005,10,0,,10,10,-6668.93,1142.57
12/01/2024,1006,120,9.5,,110.5,110.5,-6558.43,1253.07
13/01/2024,1007,10,40,,-30,-30,-6588.43,1223.07
14/01/2024,1008,10,0,,10,10,-6578.43,1233.07
15/01/2024,1009,10,0,,10,10,-6568.43,1243.07
16/01/2024,1010,0,9.3,,-9.3,-9.3,-6577.73,1233.77
17/01/2024,1011,20,0,,20,20,-6557.73,1253.77
18/01/2024,1012,150,1,,149,149,-6408.73,1402.77
19/01/2024,1013,90,95.49,,-5.49,-5.49,-6414.22,1397.28
20/01/2024,1014,0,194.9,20,-194.9,-174.9,-6609.12,1222.38
21/01/2024,1015,0,40,,-40,-40,-6649.12,1182.38
22/01/2024,1016,0,108.85,,-108.85,-108.85,-6757.97,1073.53
23/01/2024,1017,0,2,,-2,-2,-6759.97,1071.53
24/01/2024,1018,20,0,,20,20,-6739.97,1091.53
25/01/2024,1019,10,10,,0,0,-6739.97,1091.53
26/01/2024,1020,0,0,20,0,20,-6739.97,1111.53
27/01/2024,1021,10,52.07,1.78,-42.07,-40.29,-6782.04,1071.24
28/01/2024,1022,0,10,,-10,-10,-6792.04,1061.24
29/01/2024,1023,10,0,,10,10,-6782.04,1071.24
30/01/2024,1024,130,81,,49,49,-6733.04,1120.24
31/01/2024,1025,35,17,,18,18,-6715.04,1138.24
01/02/2024,1026,20,0,,20,20,-6695.04,1158.24
02/02/2024,1027,30,0,,30,30,-6665.04,1188.24
03/02/2024,1028,10,57,,-47,-47,-6712.04,1141.24
04/02/2024,1029,25,60.2,,-35.2,-35.2,-6747.24,1106.04
05/02/2024,1030,20,19.4,,0.6,0.6,-6746.64,1106.64
06/02/2024,1031,65,0,,65,65,-6681.64,1171.64
07/02/2024,1032,210,0,,210,210,-6471.64,1381.64
08/02/2024,1033,10,21,,-11,-11,-6482.64,1370.64
09/02/2024,1034,15,2.5,,12.5,12.5,-6470.14,1383.14
10/02/2024,1035,0,11.9,,-11.9,-11.9,-6482.04,1371.24
11/02/2024,1036,0,7.5,,-7.5,-7.5,-6489.54,1363.74
12/02/2024,1037,0,40,,-40,-40,-6529.54,1323.74
13/02/2024,1038,200,35,,165,165,-6364.54,1488.74
14/02/2024,1039,0,11.1,,-11.1,-11.1,-6375.64,1477.64
15/02/2024,1040,10,1.77,,8.23,8.23,-6367.41,1485.87
16/02/2024,1041,10,4.67,,5.33,5.33,-6362.08,1491.2
17/02/2024,1042,0,0,50,0,50,-6362.08,1541.2
18/02/2024,1043,15,7.3,,7.7,7.7,-6354.38,1548.9
19/02/2024,1044,15,49,,-34,-34,-6388.38,1514.9
20/02/2024,1045,0,11.3,,-11.3,-11.3,-6399.68,1503.6
21/02/2024,1046,0,0,,0,0,-6399.68,1503.6
22/02/2024,1047,0,0,,0,0,-6399.68,1503.6
23/02/2024,1048,10,0,,10,10,-6389.68,1513.6
24/02/2024,1049,10,0,,10,10,-6379.68,1523.6
25/02/2024,1050,10,60,,-50,-50,-6429.68,1473.6
26/02/2024,1051,0,29.5,,-29.5,-29.5,-6459.18,1444.1
27/02/2024,1052,0,5.92,,-5.92,-5.92,-6465.1,1438.18
28/02/2024,1053,30,13.18,,16.82,16.82,-6448.28,1455
29/02/2024,1054,15,8.4,,6.6,6.6,-6441.68,1461.6
01/03/2024,1055,0,32.42,,-32.42,-32.42,-6474.1,1429.18
02/03/2024,1056,120,89.98,20,30.02,50.02,-6444.08,1479.2
03/03/2024,1057,0,111,,-111,-111,-6555.08,1368.2
04/03/2024,1058,10,2.5,,7.5,7.5,-6547.58,1375.7
05/03/2024,1059,15,7.5,,7.5,7.5,-6540.08,1383.2
06/03/2024,1060,25,0,,25,25,-6515.08,1408.2
07/03/2024,1061,10,9.9,,0.1,0.1,-6514.98,1408.3
08/03/2024,1062,0,2.2,,-2.2,-2.2,-6517.18,1406.1
09/03/2024,1063,0,120,20,-120,-100,-6637.18,1306.1
10/03/2024,1064,0,20,,-20,-20,-6657.18,1286.1
11/03/2024,1065,140,2.32,,137.68,137.68,-6519.5,1423.78
12/03/2024,1066,0,8.8,,-8.8,-8.8,-6528.3,1414.98
13/03/2024,1067,0,5.8,,-5.8,-5.8,-6534.1,1409.18
14/03/2024,1068,0,0,,0,0,-6534.1,1409.18
15/03/2024,1069,10,10,,0,0,-6534.1,1409.18
16/03/2024,1070,0,80,,-80,-80,-6614.1,1329.18
17/03/2024,1071,10,0,,10,10,-6604.1,1339.18
18/03/2024,1072,10,44.8,30,-34.8,-4.8,-6638.9,1334.38
19/03/2024,1073,0,5.99,,-5.99,-5.99,-6644.89,1328.39
20/03/2024,1074,10,25,,-15,-15,-6659.89,1313.39
21/03/2024,1075,0,67.3,,-67.3,-67.3,-6727.19,1246.09
22/03/2024,1076,10,4,,6,6,-6721.19,1252.09
23/03/2024,1077,10,20,,-10,-10,-6731.19,1242.09
24/03/2024,1078,10,10.4,,-0.4,-0.4,-6731.59,1241.69
25/03/2024,1079,220,5.8,,214.2,214.2,-6517.39,1455.89
26/03/2024,1080,0,85.4,,-85.4,-85.4,-6602.79,1370.49
27/03/2024,1081,0,28.9,,-28.9,-28.9,-6631.69,1341.59
28/03/2024,1082,0,50,,-50,-50,-6681.69,1291.59
29/03/2024,1083,0,10.1,,-10.1,-10.1,-6691.79,1281.49
30/03/2024,1084,0,2.5,,-2.5,-2.5,-6694.29,1278.99
31/03/2024,1085,0,12.3,,-12.3,-12.3,-6706.59,1266.69
01/04/2024,1086,0,10,,-10,-10,-6716.59,1256.69
02/04/2024,1087,0,0.98,,-0.98,-0.98,-6717.57,1255.71
03/04/2024,1088,15,10,,5,5,-6712.57,1260.71
04/04/2024,1089,0,25,6.2,-25,-18.8,-6737.57,1241.91
05/04/2024,1090,0,0,,0,0,-6737.57,1241.91
06/04/2024,1091,0,7.3,,-7.3,-7.3,-6744.87,1234.61
07/04/2024,1092,11,0,,11,11,-6733.87,1245.61
08/04/2024,1093,10,0,,10,10,-6723.87,1255.61
09/04/2024,1094,0,10,,-10,-10,-6733.87,1245.61
10/04/2024,1095,20,17.9,,2.1,2.1,-6731.77,1247.71
11/04/2024,1096,0,7.5,,-7.5,-7.5,-6739.27,1240.21
12/04/2024,1097,0,10,,-10,-10,-6749.27,1230.21
13/04/2024,1098,20,11.4,,8.6,8.6,-6740.67,1238.81
14/04/2024,1099,0,14.99,,-14.99,-14.99,-6755.66,1223.82
15/04/2024,1100,20,20,,0,0,-6755.66,1223.82
16/04/2024,1101,0,70,,-70,-70,-6825.66,1153.82
17/04/2024,1102,15,0,,15,15,-6810.66,1168.82
18/04/2024,1103,0,15.4,50,-15.4,34.6,-6826.06,1203.42
19/04/2024,1104,10,5.99,,4.01,4.01,-6822.05,1207.43
20/04/2024,1105,0,11.5,,-11.5,-11.5,-6833.55,1195.93
21/04/2024,1106,10,0,,10,10,-6823.55,1205.93
22/04/2024,1107,20,7.99,,12.01,12.01,-6811.54,1217.94
23/04/2024,1108,0,1.5,,-1.5,-1.5,-6813.04,1216.44
24/04/2024,1109,10,15,,-5,-5,-6818.04,1211.44
25/04/2024,1110,10,37.5,,-27.5,-27.5,-6845.54,1183.94
26/04/2024,1111,0,14,,-14,-14,-6859.54,1169.94
27/04/2024,1112,10,0,,10,10,-6849.54,1179.94
28/04/2024,1113,25,10,,15,15,-6834.54,1194.94
29/04/2024,1114,15,93.9,,-78.9,-78.9,-6913.44,1116.04
30/04/2024,1115,100,20,,80,80,-6833.44,1196.04
01/05/2024,1116,15,16.99,,-1.99,-1.99,-6835.43,1194.05
02/05/2024,1117,0,12.05,,-12.05,-12.05,-6847.48,1182
03/05/2024,1118,0,37.65,40,-37.65,2.35,-6885.13,1184.35
04/05/2024,1119,0,100,,-100,-100,-6985.13,1084.35
05/05/2024,1120,25,9.51,,15.49,15.49,-6969.64,1099.84
06/05/2024,1121,10,51,,-41,-41,-7010.64,1058.84
07/05/2024,1122,0,74,30,-74,-44,-7084.64,1014.84
08/05/2024,1123,10,32.9,,-22.9,-22.9,-7107.54,991.94
09/05/2024,1124,10,20,,-10,-10,-7117.54,981.94
10/05/2024,1125,32.5,20,,12.5,12.5,-7105.04,994.44
11/05/2024,1126,20,20.5,,-0.5,-0.5,-7105.54,993.94
12/05/2024,1127,0,0,,0,0,-7105.54,993.94
13/05/2024,1128,10,13.65,,-3.65,-3.65,-7109.19,990.29
14/05/2024,1129,20,0,,20,20,-7089.19,1010.29
15/05/2024,1130,242.5,7.5,,235,235,-6854.19,1245.29
16/05/2024,1131,24.5,10.44,,14.06,14.06,-6840.13,1259.35
17/05/2024,1132,25,24.7,,0.3,0.3,-6839.83,1259.65
18/05/2024,1133,10,63.5,20,-53.5,-33.5,-6893.33,1226.15
19/05/2024,1134,10,26.24,,-16.24,-16.24,-6909.57,1209.91
20/05/2024,1135,45,0,,45,45,-6864.57,1254.91
21/05/2024,1136,0,7.5,,-7.5,-7.5,-6872.07,1247.41
22/05/2024,1137,22,2.5,,19.5,19.5,-6852.57,1266.91
23/05/2024,1138,0,0,,0,0,-6852.57,1266.91
24/05/2024,1139,10,8.5,,1.5,1.5,-6851.07,1268.41
25/05/2024,1140,0,1.5,50,-1.5,48.5,-6852.57,1316.91
26/05/2024,1141,10,100,,-90,-90,-6942.57,1226.91
27/05/2024,1142,10,17,,-7,-7,-6949.57,1219.91
28/05/2024,1143,0,10,,-10,-10,-6959.57,1209.91
29/05/2024,1144,0,25,,-25,-25,-6984.57,1184.91
30/05/2024,1145,10,0,,10,10,-6974.57,1194.91
31/05/2024,1146,30,60,,-30,-30,-7004.57,1164.91
01/06/2024,1147,160,9.99,40,150.01,190.01,-6854.56,1354.92
02/06/2024,1148,10,4.64,,5.36,5.36,-6849.2,1360.28
03/06/2024,1149,0,0,,0,0,-6849.2,1360.28
04/06/2024,1150,72,0,,72,72,-6777.2,1432.28
05/06/2024,1151,0,11.8,,-11.8,-11.8,-6789,1420.48
06/06/2024,1152,0,80,,-80,-80,-6869,1340.48
07/06/2024,1153,0,30.49,,-30.49,-30.49,-6899.49,1309.99
08/06/2024,1154,0,10,,-10,-10,-6909.49,1299.99
09/06/2024,1155,0,10.21,,-10.21,-10.21,-6919.7,1289.78
10/06/2024,1156,150,0,,150,150,-6769.7,1439.78
11/06/2024,1157,60,0,,60,60,-6709.7,1499.78
12/06/2024,1158,37.5,10,,27.5,27.5,-6682.2,1527.28
13/06/2024,1159,0,80,,-80,-80,-6762.2,1447.28
14/06/2024,1160,0,0,,0,0,-6762.2,1447.28
15/06/2024,1161,0,4.03,,-4.03,-4.03,-6766.23,1443.25
16/06/2024,1162,160,67,,93,93,-6673.23,1536.25
17/06/2024,1163,0,85.9,,-85.9,-85.9,-6759.13,1450.35
18/06/2024,1164,100,3.9,,96.1,96.1,-6663.03,1546.45
19/06/2024,1165,250,20.99,,229.01,229.01,-6434.02,1775.46
20/06/2024,1166,0,0,,0,0,-6434.02,1775.46
21/06/2024,1167,0,58.5,,-58.5,-58.5,-6492.52,1716.96
22/06/2024,1168,0,20,,-20,-20,-6512.52,1696.96
23/06/2024,1169,0,34.9,,-34.9,-34.9,-6547.42,1662.06
24/06/2024,1170,0,11.5,,-11.5,-11.5,-6558.92,1650.56
25/06/2024,1171,0,61.5,,-61.5,-61.5,-6620.42,1589.06
26/06/2024,1172,0,16.5,,-16.5,-16.5,-6636.92,1572.56
27/06/2024,1173,200,0,,200,200,-6436.92,1772.56
28/06/2024,1174,100,0,,100,100,-6336.92,1872.56
29/06/2024,1175,0,0.99,50,-0.99,49.01,-6337.91,1921.57
30/06/2024,1176,0,3.15,,-3.15,-3.15,-6341.06,1918.42
01/07/2024,1177,120,125.69,,-5.69,-5.69,-6346.75,1912.73
02/07/2024,1178,0,8.9,,-8.9,-8.9,-6355.65,1903.83
03/07/2024,1179,0,88,,-88,-88,-6443.65,1815.83
04/07/2024,1180,0,61.3,,-61.3,-61.3,-6504.95,1754.53
05/07/2024,1181,0,40,,-40,-40,-6544.95,1714.53
06/07/2024,1182,0,15,,-15,-15,-6559.95,1699.53
07/07/2024,1183,100,10,,90,90,-6469.95,1789.53
08/07/2024,1184,0,100,,-100,-100,-6569.95,1689.53
09/07/2024,1185,0,108.7,,-108.7,-108.7,-6678.65,1580.83
10/07/2024,1186,120,0,,120,120,-6558.65,1700.83
11/07/2024,1187,0,98.9,,-98.9,-98.9,-6657.55,1601.93
12/07/2024,1188,0,0,,0,0,-6657.55,1601.93
13/07/2024,1189,0,14.1,,-14.1,-14.1,-6671.65,1587.83
14/07/2024,1190,0,0,,0,0,-6671.65,1587.83
15/07/2024,1191,0,0,,0,0,-6671.65,1587.83
16/07/2024,1192,0,28.5,,-28.5,-28.5,-6700.15,1559.33
17/07/2024,1193,0,39.3,,-39.3,-39.3,-6739.45,1520.03
18/07/2024,1194,0,0,,0,0,-6739.45,1520.03
19/07/2024,1195,0,5.99,,-5.99,-5.99,-6745.44,1514.04
20/07/2024,1196,10,40,,-30,-30,-6775.44,1484.04
21/07/2024,1197,0,0,,0,0,-6775.44,1484.04
22/07/2024,1198,0,20,,-20,-20,-6795.44,1464.04
23/07/2024,1199,0,10,,-10,-10,-6805.44,1454.04
24/07/2024,1200,0,0,,0,0,-6805.44,1454.04
25/07/2024,1201,0,32.5,,-32.5,-32.5,-6837.94,1421.54
26/07/2024,1202,0,0,,0,0,-6837.94,1421.54
27/07/2024,1203,0,20,,-20,-20,-6857.94,1401.54
28/07/2024,1204,0,0,,0,0,-6857.94,1401.54
29/07/2024,1205,0,50,,-50,-50,-6907.94,1351.54
30/07/2024,1206,0,0,,0,0,-6907.94,1351.54
31/07/2024,1207,0,10.5,,-10.5,-10.5,-6918.44,1341.04
01/08/2024,1208,0,25,,-25,-25,-6943.44,1316.04
02/08/2024,1209,0,44,,-44,-44,-6987.44,1272.04
03/08/2024,1210,0,20,,-20,-20,-7007.44,1252.04
04/08/2024,1211,0,20,,-20,-20,-7027.44,1232.04
05/08/2024,1212,0,0,,0,0,-7027.44,1232.04
06/08/2024,1213,0,30,,-30,-30,-7057.44,1202.04
07/08/2024,1214,0,23,,-23,-23,-7080.44,1179.04
08/08/2024,1215,0,7.5,,-7.5,-7.5,-7087.94,1171.54
09/08/2024,1216,0,51.37,,-51.37,-51.37,-7139.31,1120.17
10/08/2024,1217,0,0,,0,0,-7139.31,1120.17
11/08/2024,1218,0,40,,-40,-40,-7179.31,1080.17
12/08/2024,1219,0,0,,0,0,-7179.31,1080.17
13/08/2024,1220,0,27.9,,-27.9,-27.9,-7207.21,1052.27
14/08/2024,1221,0,69.2,,-69.2,-69.2,-7276.41,983.07
15/08/2024,1222,0,49.6,,-49.6,-49.6,-7326.01,933.47
16/08/2024,1223,0,10,,-10,-10,-7336.01,923.47
17/08/2024,1224,10,86.3,,-76.3,-76.3,-7412.31,847.17
18/08/2024,1225,0,0,,0,0,-7412.31,847.17
19/08/2024,1226,0,51.22,,-51.22,-51.22,-7463.53,795.95
20/08/2024,1227,200,12.5,,187.5,187.5,-7276.03,983.45
21/08/2024,1228,0,25.99,,-25.99,-25.99,-7302.02,957.46
22/08/2024,1229,0,10.7,,-10.7,-10.7,-7312.72,946.76
23/08/2024,1230,0,38.48,,-38.48,-38.48,-7351.2,908.28
24/08/2024,1231,0,10.7,,-10.7,-10.7,-7361.9,897.58
25/08/2024,1232,0,28.7,,-28.7,-28.7,-7390.6,868.88
26/08/2024,1233,0,15,,-15,-15,-7405.6,853.88
27/08/2024,1234,0,22.5,50,-22.5,27.5,-7428.1,881.38
28/08/2024,1235,0,76,,-76,-76,-7504.1,805.38
29/08/2024,1236,0,23.38,,-23.38,-23.38,-7527.48,782
30/08/2024,1237,0,20,,-20,-20,-7547.48,762
31/08/2024,1238,0,19.38,,-19.38,-19.38,-7566.86,742.62
01/09/2024,1239,0,96,,-96,-96,-7662.86,646.62
02/09/2024,1240,150,10.98,,139.02,139.02,-7523.84,785.64
03/09/2024,1241,0,42.41,,-42.41,-42.41,-7566.25,743.23
04/09/2024,1242,0,27.7,,-27.7,-27.7,-7593.95,715.53
05/09/2024,1243,0,21,,-21,-21,-7614.95,694.53
06/09/2024,1244,0,10.9,,-10.9,-10.9,-7625.85,683.63
07/09/2024,1245,0,8.8,,-8.8,-8.8,-7634.65,674.83
08/09/2024,1246,0,0,,0,0,-7634.65,674.83
09/09/2024,1247,0,25,,-25,-25,-7659.65,649.83
10/09/2024,1248,0,0,,0,0,-7659.65,649.83
11/09/2024,1249,0,0,,0,0,-7659.65,649.83
12/09/2024,1250,0,35,,-35,-35,-7694.65,614.83
13/09/2024,1251,10,17.8,,-7.8,-7.8,-7702.45,607.03
14/09/2024,1252,0,6.39,,-6.39,-6.39,-7708.84,600.64
15/09/2024,1253,10,25,,-15,-15,-7723.84,585.64
16/09/2024,1254,0,18.7,,-18.7,-18.7,-7742.54,566.94
17/09/2024,1255,10,35,,-25,-25,-7767.54,541.94
18/09/2024,1256,10,0,,10,10,-7757.54,551.94
19/09/2024,1257,15,5.99,,9.01,9.01,-7748.53,560.95
20/09/2024,1258,170,0,,170,170,-7578.53,730.95
21/09/2024,1259,10,40,,-30,-30,-7608.53,700.95
22/09/2024,1260,15,33.07,,-18.07,-18.07,-7626.6,682.88
23/09/2024,1261,0,0,,0,0,-7626.6,682.88
24/09/2024,1262,0,40,,-40,-40,-7666.6,642.88
25/09/2024,1263,0,10,,-10,-10,-7676.6,632.88
26/09/2024,1264,0,0,,0,0,-7676.6,632.88
27/09/2024,1265,0,29.1,,-29.1,-29.1,-7705.7,603.78
28/09/2024,1266,0,0,,0,0,-7705.7,603.78
29/09/2024,1267,0,25,,-25,-25,-7730.7,578.78
30/09/2024,1268,0,0,,0,0,-7730.7,578.78
01/10/2024,1269,0,0,,0,0,-7730.7,578.78
02/10/2024,1270,0,30,,-30,-30,-7760.7,548.78
03/10/2024,1271,0,0,,0,0,-7760.7,548.78
04/10/2024,1272,10,0,,10,10,-7750.7,558.78
05/10/2024,1273,10,30,,-20,-20,-7770.7,538.78
06/10/2024,1274,10,15.9,,-5.9,-5.9,-7776.6,532.88
07/10/2024,1275,0,20,,-20,-20,-7796.6,512.88
08/10/2024,1276,10,22.1,,-12.1,-12.1,-7808.7,500.78
09/10/2024,1277,92,30,,62,62,-7746.7,562.78
10/10/2024,1278,0,0,,0,0,-7746.7,562.78
11/10/2024,1279,0,13.4,,-13.4,-13.4,-7760.1,549.38
12/10/2024,1280,0,0,,0,0,-7760.1,549.38
13/10/2024,1281,10,30,,-20,-20,-7780.1,529.38
14/10/2024,1282,0,0,,0,0,-7780.1,529.38
15/10/2024,1283,15,15,,0,0,-7780.1,529.38
16/10/2024,1284,15,35,,-20,-20,-7800.1,509.38
17/10/2024,1285,0,10,20,-10,10,-7810.1,519.38
18/10/2024,1286,0,27.8,,-27.8,-27.8,-7837.9,491.58
19/10/2024,1287,10,25.99,,-15.99,-15.99,-7853.89,475.59
20/10/2024,1288,40,0,,40,40,-7813.89,515.59
21/10/2024,1289,10,0,,10,10,-7803.89,525.59
22/10/2024,1290,12,0,,12,12,-7791.89,537.59
23/10/2024,1291,32.5,7.5,,25,25,-7766.89,562.59
24/10/2024,1292,10,57.5,20,-47.5,-27.5,-7814.39,535.09
25/10/2024,1293,15,25,,-10,-10,-7824.39,525.09
26/10/2024,1294,0,46.69,30,-46.69,-16.69,-7871.08,508.4
27/10/2024,1295,0,56.5,,-56.5,-56.5,-7927.58,451.9
28/10/2024,1296,15,20,,-5,-5,-7932.58,446.9
29/10/2024,1297,0,35.8,,-35.8,-35.8,-7968.38,411.1
30/10/2024,1298,25,2.5,,22.5,22.5,-7945.88,433.6
31/10/2024,1299,0,0,,0,0,-7945.88,433.6
01/11/2024,1300,0,30,,-30,-30,-7975.88,403.6
02/11/2024,1301,10,10.5,,-0.5,-0.5,-7976.38,403.1
03/11/2024,1302,10,70.7,,-60.7,-60.7,-8037.08,342.4
04/11/2024,1303,0,30,,-30,-30,-8067.08,312.4
05/11/2024,1304,10,3.8,,6.2,6.2,-8060.88,318.6
06/11/2024,1305,10,13.4,,-3.4,-3.4,-8064.28,315.2
07/11/2024,1306,0,0,,0,0,-8064.28,315.2
08/11/2024,1307,0,60,,-60,-60,-8124.28,255.2
09/11/2024,1308,0,0,,0,0,-8124.28,255.2
10/11/2024,1309,0,17,,-17,-17,-8141.28,238.2
11/11/2024,1310,0,0,,0,0,-8141.28,238.2
12/11/2024,1311,0,0,,0,0,-8141.28,238.2
13/11/2024,1312,30,0,,30,30,-8111.28,268.2
14/11/2024,1313,0,10,,-10,-10,-8121.28,258.2
15/11/2024,1314,10,30,,-20,-20,-8141.28,238.2
16/11/2024,1315,0,13,20,-13,7,-8154.28,245.2
17/11/2024,1316,0,0,,0,0,-8154.28,245.2
18/11/2024,1317,15,100,,-85,-85,-8239.28,160.2
19/11/2024,1318,0,5.99,,-5.99,-5.99,-8245.27,154.21
20/11/2024,1319,275,40,,235,235,-8010.27,389.21
21/11/2024,1320,0,0,,0,0,-8010.27,389.21
22/11/2024,1321,0,0,,0,0,-8010.27,389.21
23/11/2024,1322,0,18.4,,-18.4,-18.4,-8028.67,370.81
24/11/2024,1323,0,20,,-20,-20,-8048.67,350.81
25/11/2024,1324,0,20,,-20,-20,-8068.67,330.81
26/11/2024,1325,0,0,,0,0,-8068.67,330.81
27/11/2024,1326,0,40,,-40,-40,-8108.67,290.81
28/11/2024,1327,0,0,,0,0,-8108.67,290.81
29/11/2024,1328,0,40,,-40,-40,-8148.67,250.81
30/11/2024,1329,0,12.93,,-12.93,-12.93,-8161.6,237.88
01/12/2024,1330,50,70,,-20,-20,-8181.6,217.88
02/12/2024,1331,0,45,,-45,-45,-8226.6,172.88
03/12/2024,1332,0,15,,-15,-15,-8241.6,157.88
04/12/2024,1333,0,40,,-40,-40,-8281.6,117.88
05/12/2024,1334,7.5,2.6,,4.9,4.9,-8276.7,122.78
06/12/2024,1335,20,0,,20,20,-8256.7,142.78
07/12/2024,1336,0,0,,0,0,-8256.7,142.78
08/12/2024,1337,0,0,,0,0,-8256.7,142.78
09/12/2024,1338,0,50,,-50,-50,-8306.7,92.78
10/12/2024,1339,0,15,,-15,-15,-8321.7,77.78
11/12/2024,1340,0,0,,0,0,-8321.7,77.78
12/12/2024,1341,5,0,,5,5,-8316.7,82.78
13/12/2024,1342,0,0,20,0,20,-8316.7,102.78
14/12/2024,1343,15,0,,15,15,-8301.7,117.78
15/12/2024,1344,0,20,50,-20,30,-8321.7,147.78
16/12/2024,1345,0,45,,-45,-45,-8366.7,102.78
17/12/2024,1346,0,0,,0,0,-8366.7,102.78
18/12/2024,1347,0,0,,0,0,-8366.7,102.78
19/12/2024,1348,0,20,,-20,-20,-8386.7,82.78
20/12/2024,1349,20,2.15,10,17.85,27.85,-8368.85,110.63
21/12/2024,1350,0,47.5,,-47.5,-47.5,-8416.35,63.13
22/12/2024,1351,0,1.5,,-1.5,-1.5,-8417.85,61.63
23/12/2024,1352,20,0,,20,20,-8397.85,81.63
24/12/2024,1353,0,0,,0,0,-8397.85,81.63
25/12/2024,1354,0,0,50,0,50,-8397.85,131.63
26/12/2024,1355,0,20,,-20,-20,-8417.85,111.63
27/12/2024,1356,20,0,,20,20,-8397.85,131.63
28/12/2024,1357,0,2.68,,-2.68,-2.68,-8400.53,128.95
29/12/2024,1358,0,20.99,,-20.99,-20.99,-8421.52,107.96
30/12/2024,1359,20,3,,17,17,-8404.52,124.96
31/12/2024,1360,0,7.5,,-7.5,-7.5,-8412.02,117.46
01/01/2025,1361,0,50,,-50,-50,-8462.02,67.46
02/01/2025,1362,20,9.99,,10.01,10.01,-8452.01,77.47
03/01/2025,1363,0,0,,0,0,-8452.01,77.47
04/01/2025,1364,0,0,,0,0,-8452.01,77.47
05/01/2025,1365,0,30,,-30,-30,-8482.01,47.47
06/01/2025,1366,0,0,,0,0,-8482.01,47.47
07/01/2025,1367,100,0,,100,100,-8382.01,147.47
08/01/2025,1368,0,46.4,,-46.4,-46.4,-8428.41,101.07
09/01/2025,1369,15,0,,15,15,-8413.41,116.07
10/01/2025,1370,165,10.32,,154.68,154.68,-8258.73,270.75
11/01/2025,1371,0,0,,0,0,-8258.73,270.75
12/01/2025,1372,0,0,,0,0,-8258.73,270.75
13/01/2025,1373,180,30.7,10,149.3,159.3,-8109.43,430.05
14/01/2025,1374,100,0,,100,100,-8009.43,530.05
15/01/2025,1375,0,0,,0,0,-8009.43,530.05
16/01/2025,1376,0,0,,0,0,-8009.43,530.05
17/01/2025,1377,0,30,,-30,-30,-8039.43,500.05
18/01/2025,1378,0,1.3,,-1.3,-1.3,-8040.73,498.75
19/01/2025,1379,0,7.5,,-7.5,-7.5,-8048.23,491.25
20/01/2025,1380,0,30,,-30,-30,-8078.23,461.25
21/01/2025,1381,0,0,,0,0,-8078.23,461.25
22/01/2025,1382,0,0,,0,0,-8078.23,461.25
23/01/2025,1383,0,0,,0,0,-8078.23,461.25
24/01/2025,1384,0,30,,-30,-30,-8108.23,431.25
25/01/2025,1385,0,70.2,,-70.2,-70.2,-8178.43,361.05
26/01/2025,1386,0,0,,0,0,-8178.43,361.05
27/01/2025,1387,257.5,0,,257.5,257.5,-7920.93,618.55
28/01/2025,1388,50,30,,20,20,-7900.93,638.55
29/01/2025,1389,0,0.99,,-0.99,-0.99,-7901.92,637.56
30/01/2025,1390,0,0.1,,-0.1,-0.1,-7902.02,637.46
31/01/2025,1391,120,40.5,,79.5,79.5,-7822.52,716.96
01/02/2025,1392,0,9.99,,-9.99,-9.99,-7832.51,706.97
02/02/2025,1393,0,0,,0,0,-7832.51,706.97
03/02/2025,1394,0,0,,0,0,-7832.51,706.97
04/02/2025,1395,0,15,20,-15,5,-7847.51,711.97
05/02/2025,1396,0,7.7,,-7.7,-7.7,-7855.21,704.27
06/02/2025,1397,15,30,,-15,-15,-7870.21,689.27
07/02/2025,1398,0,0,,0,0,-7870.21,689.27
08/02/2025,1399,0,0,,0,0,-7870.21,689.27
09/02/2025,1400,0,30,,-30,-30,-7900.21,659.27
10/02/2025,1401,0,62.5,,-62.5,-62.5,-7962.71,596.77
11/02/2025,1402,0,0,,0,0,-7962.71,596.77
12/02/2025,1403,120,7.2,,112.8,112.8,-7849.91,709.57
13/02/2025,1404,0,30,,-30,-30,-7879.91,679.57
14/02/2025,1405,0,0,,0,0,-7879.91,679.57
15/02/2025,1406,0,0,,0,0,-7879.91,679.57
16/02/2025,1407,0,30,,-30,-30,-7909.91,649.57
17/02/2025,1408,0,0,,0,0,-7909.91,649.57
18/02/2025,1409,0,0,,0,0,-7909.91,649.57
19/02/2025,1410,0,0,,0,0,-7909.91,649.57
20/02/2025,1411,155,0,,155,155,-7754.91,804.57
21/02/2025,1412,0,0,,0,0,-7754.91,804.57
22/02/2025,1413,0,1.05,,-1.05,-1.05,-7755.96,803.52
23/02/2025,1414,15,85.26,,-70.26,-70.26,-7826.22,733.26
24/02/2025,1415,0,69.45,,-69.45,-69.45,-7895.67,663.81
25/02/2025,1416,15,0,,15,15,-7880.67,678.81
26/02/2025,1417,0,30,,-30,-30,-7910.67,648.81
27/02/2025,1418,0,38.69,,-38.69,-38.69,-7949.36,610.12
28/02/2025,1419,0,0,,0,0,-7949.36,610.12
01/03/2025,1420,0,0,,0,0,-7949.36,610.12
02/03/2025,1421,0,0,,0,0,-7949.36,610.12
03/03/2025,1422,0,10,,-10,-10,-7959.36,600.12
04/03/2025,1423,0,0,,0,0,-7959.36,600.12
05/03/2025,1424,0,30,1.51,-30,-28.49,-7989.36,571.63
06/03/2025,1425,0,0,,0,0,-7989.36,571.63
07/03/2025,1426,0,0,,0,0,-7989.36,571.63
08/03/2025,1427,0,60,,-60,-60,-8049.36,511.63
09/03/2025,1428,0,0,,0,0,-8049.36,511.63
10/03/2025,1429,0,7.7,,-7.7,-7.7,-8057.06,503.93
11/03/2025,1430,0,15.5,,-15.5,-15.5,-8072.56,488.43
12/03/2025,1431,0,0,,0,0,-8072.56,488.43
13/03/2025,1432,0,0,,0,0,-8072.56,488.43
14/03/2025,1433,0,0,,0,0,-8072.56,488.43
15/03/2025,1434,0,0,,0,0,-8072.56,488.43
16/03/2025,1435,0,0,,0,0,-8072.56,488.43
17/03/2025,1436,12.5,60,,-47.5,-47.5,-8120.06,440.93
18/03/2025,1437,15,0,,15,15,-8105.06,455.93
19/03/2025,1438,0,0,,0,0,-8105.06,455.93
20/03/2025,1439,30,0,,30,30,-8075.06,485.93
21/03/2025,1440,0,0,,0,0,-8075.06,485.93
22/03/2025,1441,0,0,,0,0,-8075.06,485.93
23/03/2025,1442,0,7.7,,-7.7,-7.7,-8082.76,478.23
24/03/2025,1443,10,0,,10,10,-8072.76,488.23
25/03/2025,1444,0,1.3,,-1.3,-1.3,-8074.06,486.93
26/03/2025,1445,0,60,,-60,-60,-8134.06,426.93
27/03/2025,1446,10,0,,10,10,-8124.06,436.93
28/03/2025,1447,20,2.6,,17.4,17.4,-8106.66,454.33
29/03/2025,1448,0,-0.99,,0.99,0.99,-8105.67,455.32
30/03/2025,1449,0,0,,0,0,-8105.67,455.32
31/03/2025,1450,0,0,,0,0,-8105.67,455.32
01/04/2025,1451,0,0,,0,0,-8105.67,455.32
02/04/2025,1452,41.37,89.99,,-48.62,-48.62,-8154.29,406.7
03/04/2025,1453,0,10.7,,-10.7,-10.7,-8164.99,396
04/04/2025,1454,15,0,,15,15,-8149.99,411
05/04/2025,1455,10,0,,10,10,-8139.99,421
06/04/2025,1456,15,0,,15,15,-8124.99,436
07/04/2025,1457,10,0,,10,10,-8114.99,446
08/04/2025,1458,0,0,,0,0,-8114.99,446
09/04/2025,1459,0,2.5,,-2.5,-2.5,-8117.49,443.5
10/04/2025,1460,0,60,,-60,-60,-8177.49,383.5
11/04/2025,1461,30,0,,30,30,-8147.49,413.5
12/04/2025,1462,0,0,,0,0,-8147.49,413.5
13/04/2025,1463,10,1.5,,8.5,8.5,-8138.99,422
14/04/2025,1464,30,0,,30,30,-8108.99,452
15/04/2025,1465,0,0,,0,0,-8108.99,452
16/04/2025,1466,0,0,,0,0,-8108.99,452
17/04/2025,1467,0,7.7,,-7.7,-7.7,-8116.69,444.3
18/04/2025,1468,10,50,,-40,-40,-8156.69,404.3
19/04/2025,1469,0,2.5,,-2.5,-2.5,-8159.19,401.8
20/04/2025,1470,0,1.98,,-1.98,-1.98,-8161.17,399.82
21/04/2025,1471,0,0,,0,0,-8161.17,399.82
22/04/2025,1472,10,0,,10,10,-8151.17,409.82
23/04/2025,1473,0,32.6,,-32.6,-32.6,-8183.77,377.22
24/04/2025,1474,0,0,,0,0,-8183.77,377.22
25/04/2025,1475,0,0,,0,0,-8183.77,377.22
26/04/2025,1476,0,0,,0,0,-8183.77,377.22
27/04/2025,1477,0,40,50,-40,10,-8223.77,387.22
28/04/2025,1478,0,0,,0,0,-8223.77,387.22
29/04/2025,1479,0,16.49,,-16.49,-16.49,-8240.26,370.73
30/04/2025,1480,0,45,,-45,-45,-8285.26,325.73
01/05/2025,1481,0,0,,0,0,-8285.26,325.73
02/05/2025,1482,10,9.99,,0.01,0.01,-8285.25,325.74
03/05/2025,1483,0,17.9,,-17.9,-17.9,-8303.15,307.84
04/05/2025,1484,0,0,,0,0,-8303.15,307.84
05/05/2025,1485,10,0,,10,10,-8293.15,317.84
06/05/2025,1486,0,20,,-20,-20,-8313.15,297.84
07/05/2025,1487,15,0,,15,15,-8298.15,312.84
08/05/2025,1488,10,40,,-30,-30,-8328.15,282.84
09/05/2025,1489,0,0,,0,0,-8328.15,282.84
10/05/2025,1490,0,0,,0,0,-8328.15,282.84
11/05/2025,1491,0,0,,0,0,-8328.15,282.84
12/05/2025,1492,111.25,2.5,,108.75,108.75,-8219.4,391.59
13/05/2025,1493,0,40,,-40,-40,-8259.4,351.59
14/05/2025,1494,40,58.2,,-18.2,-18.2,-8277.6,333.39
15/05/2025,1495,0,2.5,,-2.5,-2.5,-8280.1,330.89
16/05/2025,1496,10,25,,-15,-15,-8295.1,315.89
17/05/2025,1497,0,0,,0,0,-8295.1,315.89
18/05/2025,1498,10,0,,10,10,-8285.1,325.89
19/05/2025,1499,0,2.6,,-2.6,-2.6,-8287.7,323.29
20/05/2025,1500,0,25,,-25,-25,-8312.7,298.29
21/05/2025,1501,0,0,,0,0,-8312.7,298.29
22/05/2025,1502,10,0,,10,10,-8302.7,308.29
23/05/2025,1503,20,10,,10,10,-8292.7,318.29
24/05/2025,1504,0,0,,0,0,-8292.7,318.29
25/05/2025,1505,0,29,,-29,-29,-8321.7,289.29
26/05/2025,1506,10,0.99,,9.01,9.01,-8312.69,298.3
27/05/2025,1507,0,0,,0,0,-8312.69,298.3
28/05/2025,1508,0,0,,0,0,-8312.69,298.3
29/05/2025,1509,0,80,,-80,-80,-8392.69,218.3
30/05/2025,1510,0,30,,-30,-30,-8422.69,188.3
31/05/2025,1511,0,10.8,,-10.8,-10.8,-8433.49,177.5
01/06/2025,1512,150,7.7,,142.3,142.3,-8291.19,319.8
02/06/2025,1513,0,10.98,,-10.98,-10.98,-8302.17,308.82
03/06/2025,1514,0,0,,0,0,-8302.17,308.82
04/06/2025,1515,0,0,,0,0,-8302.17,308.82
05/06/2025,1516,15,40,,-25,-25,-8327.17,283.82
06/06/2025,1517,0,0,,0,0,-8327.17,283.82
07/06/2025,1518,0,0,,0,0,-8327.17,283.82
08/06/2025,1519,0,0,,0,0,-8327.17,283.82
09/06/2025,1520,0,2.5,,-2.5,-2.5,-8329.67,281.32
10/06/2025,1521,97.22,0,,97.22,97.22,-8232.45,378.54
11/06/2025,1522,0,50,,-50,-50,-8282.45,328.54
12/06/2025,1523,100,10.2,,89.8,89.8,-8192.65,418.34
13/06/2025,1524,0,0,,0,0,-8192.65,418.34
14/06/2025,1525,0,0,,0,0,-8192.65,418.34
15/06/2025,1526,0,0,,0,0,-8192.65,418.34
16/06/2025,1527,0,0,,0,0,-8192.65,418.34
17/06/2025,1528,0,0,,0,0,-8192.65,418.34
18/06/2025,1529,0,42.5,,-42.5,-42.5,-8235.15,375.84
19/06/2025,1530,175,0,,175,175,-8060.15,550.84
20/06/2025,1531,0,35.95,60,-35.95,24.05,-8096.1,574.89
21/06/2025,1532,0,0,,0,0,-8096.1,574.89
22/06/2025,1533,0,0,,0,0,-8096.1,574.89
23/06/2025,1534,0,40,,-40,-40,-8136.1,534.89
24/06/2025,1535,0,7.5,,-7.5,-7.5,-8143.6,527.39
25/06/2025,1536,150,0,,150,150,-7993.6,677.39
26/06/2025,1537,0,2.5,,-2.5,-2.5,-7996.1,674.89
27/06/2025,1538,0,0,,0,0,-7996.1,674.89
28/06/2025,1539,0,57.7,,-57.7,-57.7,-8053.8,617.19
29/06/2025,1540,0,0.99,,-0.99,-0.99,-8054.79,616.2
30/06/2025,1541,150,2.5,,147.5,147.5,-7907.29,763.7
01/07/2025,1542,0,0,,0,0,-7907.29,763.7
02/07/2025,1543,0,9.99,,-9.99,-9.99,-7917.28,753.71
03/07/2025,1544,0,0,,0,0,-7917.28,753.71
04/07/2025,1545,0,2.5,,-2.5,-2.5,-7919.78,751.21
05/07/2025,1546,0,20,,-20,-20,-7939.78,731.21
06/07/2025,1547,0,37.9,,-37.9,-37.9,-7977.68,693.31
07/07/2025,1548,135.61,0.63,50,134.98,184.98,-7842.7,878.29
08/07/2025,1549,0,46.85,20,-46.85,-26.85,-7889.55,851.44
09/07/2025,1550,100,16.27,,83.73,83.73,-7805.82,935.17
10/07/2025,1551,0,0,,0,0,-7805.82,935.17
11/07/2025,1552,0,0,,0,0,-7805.82,935.17
12/07/2025,1553,0,20,,-20,-20,-7825.82,915.17
13/07/2025,1554,0,40,,-40,-40,-7865.82,875.17
14/07/2025,1555,0,0,,0,0,-7865.82,875.17
15/07/2025,1556,0,15,,-15,-15,-7880.82,860.17
16/07/2025,1557,0,0,,0,0,-7880.82,860.17
17/07/2025,1558,0,0,,0,0,-7880.82,860.17
18/07/2025,1559,0,20,,-20,-20,-7900.82,840.17
19/07/2025,1560,0,5,,-5,-5,-7905.82,835.17
20/07/2025,1561,0,0,,0,0,-7905.82,835.17
21/07/2025,1562,0,50,,-50,-50,-7955.82,785.17
22/07/2025,1563,0,0,,0,0,-7955.82,785.17
23/07/2025,1564,0,96.1,,-96.1,-96.1,-8051.92,689.07
24/07/2025,1565,0,0,,0,0,-8051.92,689.07
25/07/2025,1566,0,0,,0,0,-8051.92,689.07
26/07/2025,1567,0,0,,0,0,-8051.92,689.07
27/07/2025,1568,0,0,,0,0,-8051.92,689.07
28/07/2025,1569,0,0.99,,-0.99,-0.99,-8052.91,688.08
29/07/2025,1570,0,70,,-70,-70,-8122.91,618.08
30/07/2025,1571,0,10.2,,-10.2,-10.2,-8133.11,607.88
31/07/2025,1572,0,0,,0,0,-8133.11,607.88
01/08/2025,1573,0,0,,0,0,-8133.11,607.88
02/08/2025,1574,0,59.99,,-59.99,-59.99,-8193.1,547.89
03/08/2025,1575,0,0,,0,0,-8193.1,547.89
04/08/2025,1576,0,5,,-5,-5,-8198.1,542.89
05/08/2025,1577,0,0,,0,0,-8198.1,542.89
06/08/2025,1578,0,7.7,,-7.7,-7.7,-8205.8,535.19
07/08/2025,1579,0,1,,-1,-1,-8206.8,534.19
08/08/2025,1580,0,35,,-35,-35,-8241.8,499.19
09/08/2025,1581,0,2.5,,-2.5,-2.5,-8244.3,496.69
10/08/2025,1582,0,15.5,50,-15.5,34.5,-8259.8,531.19
11/08/2025,1583,0,70,,-70,-70,-8329.8,461.19
12/08/2025,1584,0,1.5,,-1.5,-1.5,-8331.3,459.69
13/08/2025,1585,0,10,,-10,-10,-8341.3,449.69
14/08/2025,1586,0,30,,-30,-30,-8371.3,419.69
15/08/2025,1587,0,50,,-50,-50,-8421.3,369.69
16/08/2025,1588,0,9.7,,-9.7,-9.7,-8431,359.99
17/08/2025,1589,0,70,,-70,-70,-8501,289.99
18/08/2025,1590,0,0,,0,0,-8501,289.99
19/08/2025,1591,0,0,,0,0,-8501,289.99
20/08/2025,1592,0,2.5,,-2.5,-2.5,-8503.5,287.49
21/08/2025,1593,0,0,,0,0,-8503.5,287.49
22/08/2025,1594,0,0,,0,0,-8503.5,287.49
23/08/2025,1595,0,0,,0,0,-8503.5,287.49
24/08/2025,1596,0,10.2,20,-10.2,9.8,-8513.7,297.29
25/08/2025,1597,0,60,,-60,-60,-8573.7,237.29
26/08/2025,1598,0,0,,0,0,-8573.7,237.29
27/08/2025,1599,0,0,,0,0,-8573.7,237.29
28/08/2025,1600,0,70,20,-70,-50,-8643.7,187.29
29/08/2025,1601,0,15.99,,-15.99,-15.99,-8659.69,171.3
30/08/2025,1602,0,20,,-20,-20,-8679.69,151.3
31/08/2025,1603,0,10.2,,-10.2,-10.2,-8689.89,141.1
01/09/2025,1604,0,0,,0,0,-8689.89,141.1
02/09/2025,1605,0,9.99,,-9.99,-9.99,-8699.88,131.11
03/09/2025,1606,0,0,,0,0,-8699.88,131.11
04/09/2025,1607,0,0,,0,0,-8699.88,131.11
05/09/2025,1608,0,0,,0,0,-8699.88,131.11
06/09/2025,1609,0,0,,0,0,-8699.88,131.11
07/09/2025,1610,0,0,,0,0,-8699.88,131.11
08/09/2025,1611,0,0,,0,0,-8699.88,131.11